id,nome,periodos,total_mandatos
235620,Ilacir Bicalho,2023-2027,1
235088,Ribeiro Neto,2023-2027,1
234840,Cristiano Furlan,2023-2027,1
234788,Heloísa Helena,2023-2027,1
234673,Vanderlan Alves,2023-2027,1
234406,Elmano Férrer,2023-2027,1
234388,Fabiano Cazeca,2023-2027,1
234310,Ricardo Galvão,2023-2027,1
234253,Lucas Abrahao,2023-2027,1
233598,Samuel Santos,2023-2027,1
233594,Rafael Fera o Fiscal do Povo,2023-2027,1
233592,Paulo Lemos,2023-2027,1
233218,Nelinho Freitas,2023-2027,1
231911,Lenir de Assis,2023-2027,1
230957,João Cury,2023-2027,1
230768,Zé Adriano,2023-2027,1
230767,Rodrigo da Zaeli,2023-2027,1
230765,Enfermeira Rejane,2023-2027,1
230764,Ivan Junior,2023-2027,1
230762,Pastor Claudio Mariano,2023-2027,1
230177,Tadeu Oliveira,2023-2027,1
230088,Dra. Mayra Pinheiro,2023-2027,1
229939,Newton Bonin,2023-2027,1
229585,Elisangela Araujo,2023-2027,1
229432,Luiz Fernando Vampiro,2023-2027,1
229333,Gláucia Santiago,2023-2027,1
229259,Pedro Tourinho,2023-2027,1
229225,Missionária Michele Collins,2023-2027,1
229112,Pedro Jr,2023-2027,1
229106,Carla Ayres,2023-2027,1
229082,Lucyana Genésio,2023-2027,1
229069,Capitão Samuel,2023-2027,1
228941,Daniel José,2023-2027,1
228837,Juliana Kolankiewicz,2023-2027,1
228797,Júlio Oliveira,2023-2027,1
228616,Dr. Remy Soares,2023-2027,1
228272,Délio Pinheiro,2023-2027,1
228042,Naumi Amorim,2023-2027,1
227991,Dr Flávio,2023-2027,1
227800,Duarte Gonçalves Jr,2023-2027,1
227660,Nitinho,2023-2027,1
227433,Douglas Viegas,2023-2027,1
227401,Dr Fabio Rueda,2023-2027,1
227370,Felipe Saliba,2023-2027,1
227324,Henrique Júnior,2023-2027,1
227323,Luciano Galego,2023-2027,1
227310,Silvio Antonio,2023-2027,1
227275,Mariana Carvalho,2023-2027,1
226837,Saulo Pedroso,2023-2027,1
226708,Dr. Allan Garcês,2023-2027,1
226553,Eliane Braz,2023-2027,1
226410,Márcio Correa,2023-2027,1
226179,Gisela Simona,2023-2027,1
226075,Priscila Costa,2023-2027,1
225730,Enfermeira Ana Paula,2023-2027,1
225727,Flavinha,2023-2027,1
225386,Renan Ferreirinha,2023-2027,1
224333,Welter,2023-2027,1
224117,Gabriel Mota,2023-2027,1
223398,Ulisses Guimarães,2023-2027,1
223128,Rodrigo Estacho,2023-2027,1
222565,Soldado Noelio,2023-2027,1
222429,Luis Carlos Gomes,2023-2027,1
222142,Coronel Telhada,2023-2027,1
221378,Reginete Bispo,2023-2027,1
221339,Dr. Benjamim,2023-2027,1
221338,Professora Luciene Cavalcante,2023-2027,1
221329,Ricardo Abrão,2023-2027,1
221328,Adilson Barroso,2023-2027,1
221148,Alfredinho,"2019-2023, 2023-2027",2
220715,Amom Mandel,2023-2027,1
220714,Adail Filho,2023-2027,1
220713,Saullo Vianna,2023-2027,1
220712,Fausto Santos Jr.,2023-2027,1
220708,Gabriel Nunes,2023-2027,1
220707,Amanda Gentil,2023-2027,1
220706,Padovani,2023-2027,1
220705,Deltan Dallagnol,2023-2027,1
220704,Carol Dartora,2023-2027,1
220703,Neto Carletto,2023-2027,1
220702,Geraldo Mendes,2023-2027,1
220701,Delegado Matheus Laiola,2023-2027,1
220700,Florentino Neto,2023-2027,1
220699,Castro Neto,2023-2027,1
220698,Beto Preto,2023-2027,1
220697,Jadyel Alencar,2023-2027,1
220696,Ivoneide Caetano,2023-2027,1
220695,Rogéria Santos,2023-2027,1
220694,Ricardo Maia,2023-2027,1
220693,Roberta Roma,2023-2027,1
220692,Dal Barreto,2023-2027,1
220691,Diego Coronel,2023-2027,1
220690,Capitão Alden,2023-2027,1
220689,Detinha,2023-2027,1
220688,Dr. Francisco,2023-2027,1
220687,Márcio Honaiser,2023-2027,1
220686,Duarte Jr.,2023-2027,1
220685,Paulo Litro,2023-2027,1
220684,Tião Medeiros,2023-2027,1
220683,Beto Richa,2023-2027,1
220682,Tadeu Veneri,2023-2027,1
220681,Fábio Macedo,2023-2027,1
220677,Keniston Braga,2023-2027,1
220676,Andreia Siqueira,2023-2027,1
220675,Antônio Doido,2023-2027,1
220674,Dra. Alessandra Haber,2023-2027,1
220673,Delegado Caveira,2023-2027,1
220672,Henderson Pinto,2023-2027,1
220671,Dilvanda Faro,2023-2027,1
220670,Iza Arruda,2023-2027,1
220669,Lula da Fonte,2023-2027,1
220668,Maria Arraes,2023-2027,1
220667,Pedro Campos,2023-2027,1
220666,Coronel Meira,2023-2027,1
220665,Clarissa Tércio,2023-2027,1
220664,Guilherme Uchoa,2023-2027,1
220663,Eriberto Medeiros,2023-2027,1
220662,Lucas Ramos,2023-2027,1
220661,Matheus Noronha,2023-2027,1
220660,Yury do Paredão,2023-2027,1
220659,Dayany do Capitão,2023-2027,1
220658,Luiz Gastão,2023-2027,1
220657,André Fernandes,2023-2027,1
220656,Fernanda Pessoa,2023-2027,1
220655,Mario Frias,2023-2027,1
220654,Delegado Paulo Bilynskyj,2023-2027,1
220653,Fábio Teruel,2023-2027,1
220652,Delegado Palumbo,2023-2027,1
220651,Simone Marquetto,2023-2027,1
220650,Paulo Alexandre Barbosa,2023-2027,1
220649,Delegado da Cunha,2023-2027,1
220648,Marangoni,2023-2027,1
220647,Mauricio Neves,2023-2027,1
220646,Felipe Becari,2023-2027,1
220645,Erika Hilton,2023-2027,1
220644,Rosangela Moro,2023-2027,1
220643,Sônia Guajajara,2023-2027,1
220642,Delegado Bruno Lima,2023-2027,1
220641,Rodrigo Gambale,2023-2027,1
220640,Juliana Cardoso,2023-2027,1
220639,Guilherme Boulos,2023-2027,1
220638,Antonio Carlos Rodrigues,2023-2027,1
220637,Marina Silva,2023-2027,1
220636,Luiz Marinho,2023-2027,1
220635,Bruno Ganem,2023-2027,1
220634,Marcelo Lima,2023-2027,1
220633,Ricardo Salles,2023-2027,1
220632,Ana Pimentel,2023-2027,1
220631,Samuel Viana,2023-2027,1
220630,Pedro Aihara,2023-2027,1
220629,Dandara,2023-2027,1
220628,Mauricio do Vôlei,2023-2027,1
220627,Paulinho Freire,2023-2027,1
220626,Rafael Simoes,2023-2027,1
220625,Delegada Ione,2023-2027,1
220624,Robinson Faria,2023-2027,1
220623,Duda Salabert,2023-2027,1
220622,Nely Aquino,2023-2027,1
220621,Sargento Gonçalves,2023-2027,1
220620,Rosângela Reis,2023-2027,1
220619,Delegado Ramagem,2023-2027,1
220618,Sargento Portugal,2023-2027,1
220617,Murillo Gouvea,2023-2027,1
220616,Luciano Vieira,2023-2027,1
220615,Pastor Henrique Vieira,2023-2027,1
220614,Dr. Daniel Soranz,2023-2027,1
220613,Roberto Monteiro Pai,2023-2027,1
220612,Bebeto,2023-2027,1
220611,General Pazuello,2023-2027,1
220610,Dr. Fernando Máximo,2023-2027,1
220609,Maurício Carvalho,2023-2027,1
220608,Cristiane Lopes,2023-2027,1
220607,Max Lemos,2023-2027,1
220606,Reimont,2023-2027,1
220605,Bandeira de Mello,2023-2027,1
220604,Marcos Tavares,2023-2027,1
220603,Dani Cunha,2023-2027,1
220602,Dimas Gadelha,2023-2027,1
220601,Washington Quaquá,2023-2027,1
220600,Lebrão,2023-2027,1
220599,Marcelo Crivella,2023-2027,1
220598,Tarcísio Motta,2023-2027,1
220597,Thiago Flores,2023-2027,1
220596,Amália Barros,2023-2027,1
220595,Coronel Fernanda,2023-2027,1
220594,Coronel Assis,2023-2027,1
220593,Abilio Brunini,2023-2027,1
220592,Zezinho Barbary,2023-2027,1
220591,Meire Serafim,2023-2027,1
220590,Coronel Ulysses,2023-2027,1
220589,Eduardo Velloso,2023-2027,1
220588,Roberto Duarte,2023-2027,1
220587,Gerlen Diniz,2023-2027,1
220586,Rafael Brito,2023-2027,1
220585,Mersinho Lucena,2023-2027,1
220584,Murilo Galdino,2023-2027,1
220583,Delegado Fabio Costa,2023-2027,1
220582,Daniel Barbosa,2023-2027,1
220581,Luciano Amaral,2023-2027,1
220580,Professora Goreth,2023-2027,1
220579,Silvia Waiãpi,2023-2027,1
220578,Josenildo,2023-2027,1
220577,Augusto Puppio,2023-2027,1
220576,Alfredo Gaspar,2023-2027,1
220575,Sonize Barbosa,2023-2027,1
220574,Cabo Gilberto Silva,2023-2027,1
220573,Dorinaldo Malafaia,2023-2027,1
220572,Marussa Boldrin,2023-2027,1
220571,Daniel Agrobom,2023-2027,1
220570,Ismael Alexandrino,2023-2027,1
220569,Silvye Alves,2023-2027,1
220568,Gustavo Gayer,2023-2027,1
220567,Jeferson Rodrigues,2023-2027,1
220566,Lêda Borges,2023-2027,1
220565,Delegada Adriana Accorsi,2023-2027,1
220564,Yandra Moura,2023-2027,1
220563,Icaro de Valmir,2023-2027,1
220561,Delegada Katarina,2023-2027,1
220560,Thiago de Joaldo,2023-2027,1
220559,Julia Zanatta,2023-2027,1
220558,Zé Trovão,2023-2027,1
220557,Daniela Reinehr,2023-2027,1
220556,Ana Paula Lima,2023-2027,1
220555,Daiana Santos,2023-2027,1
220554,Alexandre Lindenmeyer,2023-2027,1
220553,Denise Pessôa,2023-2027,1
220552,Zucco,2023-2027,1
220551,Franciane Bayer,2023-2027,1
220550,Mauricio Marcon,2023-2027,1
220549,Any Ortiz,2023-2027,1
220548,Camila Jara,2023-2027,1
220547,Marcos Pollon,2023-2027,1
220546,Rodolfo Nogueira,2023-2027,1
220545,Filipe Martins,2023-2027,1
220544,Antonio Andrade,2023-2027,1
220543,Ricardo Ayres,2023-2027,1
220542,Alexandre Guimarães,2023-2027,1
220540,Duda Ramos,2023-2027,1
220539,Defensor Stélio Dener,2023-2027,1
220538,Albuquerque,2023-2027,1
220537,Helena Lima,2023-2027,1
220536,Zé Haroldo Cathedral,2023-2027,1
220534,Fred Linhares,2023-2027,1
220533,Prof. Reginaldo Veras,2023-2027,1
220532,Rafael Prudente,2023-2027,1
220531,Gilvan Maximo,2023-2027,1
220530,Messias Donato,2023-2027,1
220529,Gilson Daniel,2023-2027,1
220528,Dr. Victor Linhalis,2023-2027,1
220527,Jack Rocha,2023-2027,1
220526,Gilvan da Federal,2023-2027,1
220008,Eliza Virgínia,"2019-2023, 2023-2027",2
219585,Marco Brasil,"2019-2023, 2023-2027",2
218086,Ely Santos,"2019-2023, 2023-2027",2
217480,Jones Moura,"2019-2023, 2023-2027",2
215043,Josivaldo JP,"2019-2023, 2023-2027",2
214694,Jorge Goetten,"2019-2023, 2023-2027",2
213762,Carla Dickson,"2019-2023, 2023-2027",2
213274,Ricardo Silva,"2019-2023, 2023-2027",2
212625,Dr. Gonçalo,"2019-2023, 2023-2027",2
210989,Bruno Farias,2023-2027,1
209787,Nikolas Ferreira,2023-2027,1
209189,Joseildo Ramos,"2019-2023, 2023-2027",2
208297,Katia Dias,2023-2027,1
206018,Célia Xakriabá,2023-2027,1
205865,Reinhold Stephanes,"2019-2023, 2023-2027",2
205550,Jorge Braz,"2019-2023, 2023-2027",2
205476,Charles Fernandes,"2019-2023, 2023-2027",2
204574,Junior Lourenço,"2019-2023, 2023-2027",2
204573,Otto Alencar Filho,"2019-2023, 2023-2027",2
204572,Capitão Alberto Neto,"2019-2023, 2023-2027",2
204571,Alex Santana,"2019-2023, 2023-2027",2
204570,Pastor Gil,"2019-2023, 2023-2027",2
204567,Raimundo Costa,"2019-2023, 2023-2027",2
204566,Marreca Filho,"2019-2023, 2023-2027",2
204563,Josimar Maranhãozinho,"2019-2023, 2023-2027",2
204560,Adolfo Viana,"2019-2023, 2023-2027",2
204559,Zé Neto,2023-2027,1
204557,Sidney Leite,"2019-2023, 2023-2027",2
204553,Pastor Sargento Isidório,"2019-2023, 2023-2027",2
204550,Júnior Mano,"2019-2023, 2023-2027",2
204549,AJ Albuquerque,"2019-2023, 2023-2027",2
204541,Eduardo Bismarck,"2019-2023, 2023-2027",2
204540,Maria Rosas,"2019-2023, 2023-2027",2
204539,Hercílio Coelho Diniz,"2019-2023, 2023-2027",2
204536,Kim Kataguiri,"2019-2023, 2023-2027",2
204535,Sâmia Bomfim,"2019-2023, 2023-2027",2
204534,Tabata Amaral,"2019-2023, 2023-2027",2
204533,Idilvan Alencar,"2019-2023, 2023-2027",2
204531,Guilherme Derrite,"2019-2023, 2023-2027",2
204528,Adriana Ventura,"2019-2023, 2023-2027",2
204526,Luiz Philippe de Orleans e Bragança,"2019-2023, 2023-2027",2
204525,Rosana Valle,"2019-2023, 2023-2027",2
204524,Pinheirinho,"2019-2023, 2023-2027",2
204522,Marco Bertaiolli,"2019-2023, 2023-2027",2
204520,Junio Amaral,"2019-2023, 2023-2027",2
204518,Dr. Frederico,"2019-2023, 2023-2027",2
204517,Zé Vitor,2023-2027,1
204515,André Janones,"2019-2023, 2023-2027",2
204514,Coronel Tadeu,"2019-2023, 2023-2027",2
204512,Delegado Marcelo Freitas,"2019-2023, 2023-2027",2
204511,David Soares,"2019-2023, 2023-2027",2
204508,Igor Timo,"2019-2023, 2023-2027",2
204507,Carla Zambelli,"2019-2023, 2023-2027",2
204506,Marcos Pereira,"2019-2023, 2023-2027",2
204504,Cezinha de Madureira,"2019-2023, 2023-2027",2
204503,Alexandre Padilha,"2019-2023, 2023-2027",2
204501,Alencar Santana,"2019-2023, 2023-2027",2
204498,Olival Marques,"2019-2023, 2023-2027",2
204497,Júnior Ferrari,"2019-2023, 2023-2027",2
204496,Celso Sabino,"2019-2023, 2023-2027",2
204495,Airton Faleiro,"2019-2023, 2023-2027",2
204494,Fred Costa,"2019-2023, 2023-2027",2
204492,Paulo Guedes,"2019-2023, 2023-2027",2
204491,Gilberto Abramo,"2019-2023, 2023-2027",2
204489,Robério Monteiro,"2019-2023, 2023-2027",2
204488,Célio Studart,"2019-2023, 2023-2027",2
204486,Mauro Benevides Filho,"2019-2023, 2023-2027",2
204485,Luiz Carlos Motta,"2019-2023, 2023-2027",2
204482,Euclydes Pettersen,"2019-2023, 2023-2027",2
204481,Dr. Jaziel,"2019-2023, 2023-2027",2
204480,Rogério Correia,"2019-2023, 2023-2027",2
204479,Nicoletti,"2019-2023, 2023-2027",2
204476,Chiquinho Brazão,"2019-2023, 2023-2027",2
204474,Juarez Costa,"2019-2023, 2023-2027",2
204473,General Girão,"2019-2023, 2023-2027",2
204472,José Medeiros,"2019-2023, 2023-2027",2
204464,Talíria Petrone,"2019-2023, 2023-2027",2
204462,Chris Tonietto,"2019-2023, 2023-2027",2
204460,Carlos Jordy,"2019-2023, 2023-2027",2
204459,Daniela do Waguinho,"2019-2023, 2023-2027",2
204457,Juninho do Pneu,"2019-2023, 2023-2027",2
204456,Gutemberg Reis,"2019-2023, 2023-2027",2
204455,Luiz Lima,"2019-2023, 2023-2027",2
204453,Natália Bonavides,"2019-2023, 2023-2027",2
204450,Doutor Luizinho,"2019-2023, 2023-2027",2
204449,Nelson Barbudo,"2019-2023, 2023-2027",2
204448,Luiz Antonio Corrêa,"2019-2023, 2023-2027",2
204445,Fernando Mineiro,2023-2027,1
204444,Helio Lopes,"2019-2023, 2023-2027",2
204441,Otoni de Paula,"2019-2023, 2023-2027",2
204436,Isnaldo Bulhões Jr.,"2019-2023, 2023-2027",2
204433,Marcelo Calero,"2019-2023, 2023-2027",2
204431,Marcos Aurélio Sampaio,"2019-2023, 2023-2027",2
204427,Fernando Rodolfo,"2019-2023, 2023-2027",2
204426,Carlos Veras,"2019-2023, 2023-2027",2
204425,Silvio Costa Filho,"2019-2023, 2023-2027",2
204423,André Ferreira,"2019-2023, 2023-2027",2
204422,Ossesio Silva,"2019-2023, 2023-2027",2
204419,Glaustin da Fokus,"2019-2023, 2023-2027",2
204416,Sanderson,"2019-2023, 2023-2027",2
204412,Dr. Zacharias Calil,"2019-2023, 2023-2027",2
204411,Filipe Barros,"2019-2023, 2023-2027",2
204410,Luisa Canziani,"2019-2023, 2023-2027",2
204409,Daniel Trzeciak,"2019-2023, 2023-2027",2
204408,Gustinho Ribeiro,"2019-2023, 2023-2027",2
204407,Fernanda Melchionna,"2019-2023, 2023-2027",2
204406,Pedro Westphalen,"2019-2023, 2023-2027",2
204404,Lucas Redecker,"2019-2023, 2023-2027",2
204398,Felipe Francischini,"2019-2023, 2023-2027",2
204396,Vermelho,2023-2027,1
204395,Pedro Lupion,"2019-2023, 2023-2027",2
204394,Gervásio Maia,"2019-2023, 2023-2027",2
204391,José Nelto,"2019-2023, 2023-2027",2
204390,Professor Alcides,"2019-2023, 2023-2027",2
204388,Bibo Nunes,"2019-2023, 2023-2027",2
204387,Sargento Fahur,"2019-2023, 2023-2027",2
204379,Acácio Favacho,"2019-2023, 2023-2027",2
204378,Coronel Chrisóstomo,"2019-2023, 2023-2027",2
204376,Coronel Armando,"2019-2023, 2023-2027",2
204374,Bia Kicis,"2019-2023, 2023-2027",2
204372,Julio Cesar Ribeiro,"2019-2023, 2023-2027",2
204369,Caroline de Toni,"2019-2023, 2023-2027",2
204368,Fabio Schiochet,"2019-2023, 2023-2027",2
204367,Daniel Freitas,"2019-2023, 2023-2027",2
204365,Gilson Marques,"2019-2023, 2023-2027",2
204364,Eli Borges,"2019-2023, 2023-2027",2
204362,Ricardo Guidi,"2019-2023, 2023-2027",2
204361,Carlos Chiodini,"2019-2023, 2023-2027",2
204360,Silvia Cristina,"2019-2023, 2023-2027",2
204358,Beto Pereira,"2019-2023, 2023-2027",2
204356,Amaro Neto,"2019-2023, 2023-2027",2
204355,Da Vitoria,"2019-2023, 2023-2027",2
204353,Aline Gurgel,"2019-2023, 2023-2027",2
204351,Dr. Luiz Ovando,"2019-2023, 2023-2027",2
198783,Emanuel Pinheiro Neto,"2019-2023, 2023-2027",2
198197,Greyce Elias,"2019-2023, 2023-2027",2
191923,Flávio Nogueira,"2015-2019, 2019-2023, 2023-2027",3
188097,Merlong Solano,"2015-2019, 2019-2023, 2023-2027",3
182146,Wolmer Araújo,2023-2027,1
180214,Pastor Diniz,2023-2027,1
179001,Márcio Biolchi,"2015-2019, 2019-2023, 2023-2027",3
179000,Marcelo Álvaro Antônio,"2015-2019, 2019-2023, 2023-2027",3
178997,Moses Rodrigues,"2015-2019, 2019-2023, 2023-2027",3
178993,Carlos Henrique Gaguim,"2015-2019, 2019-2023, 2023-2027",3
178992,Vitor Lippi,2023-2027,1
178989,Renata Abreu,"2015-2019, 2019-2023, 2023-2027",3
178987,Orlando Silva,"2015-2019, 2019-2023, 2023-2027",3
178986,Nilto Tatto,"2015-2019, 2019-2023, 2023-2027",3
178985,Miguel Lombardi,"2015-2019, 2019-2023, 2023-2027",3
178983,Marcio Alvino,"2015-2019, 2019-2023, 2023-2027",3
178975,Baleia Rossi,"2015-2019, 2019-2023, 2023-2027",3
178972,Alex Manente,"2015-2019, 2019-2023, 2023-2027",3
178970,João Daniel,"2015-2019, 2019-2023, 2023-2027",3
178966,Geovania de Sá,"2015-2019, 2019-2023, 2023-2027",3
178964,Heitor Schuch,"2015-2019, 2019-2023, 2023-2027",3
178963,Covatti Filho,"2015-2019, 2019-2023, 2023-2027",3
178962,Carlos Gomes,"2015-2019, 2019-2023, 2023-2027",3
178954,Lucio Mosquini,"2015-2019, 2019-2023, 2023-2027",3
178947,Sóstenes Cavalcante,"2019-2023, 2023-2027",2
178946,Soraya Santos,"2019-2023, 2023-2027",2
178945,Rosangela Gomes,"2015-2019, 2019-2023, 2023-2027",3
178943,Marcos Soares,"2015-2019, 2019-2023, 2023-2027",3
178937,Altineu Côrtes,"2015-2019, 2019-2023, 2023-2027",3
178934,Toninho Wandscheer,2023-2027,1
178933,Sergio Souza,"2019-2023, 2023-2027",2
178931,Luciano Ducci,"2015-2019, 2019-2023, 2023-2027",3
178929,Diego Garcia,"2015-2019, 2019-2023, 2023-2027",3
178927,Aliel Machado,"2015-2019, 2019-2023, 2023-2027",3
178910,Joaquim Passarinho,"2015-2019, 2019-2023, 2023-2027",3
178909,Hélio Leite,"2015-2019, 2019-2023, 2023-2027",3
178908,Delegado Éder Mauro,"2015-2019, 2019-2023, 2023-2027",3
178905,Fabio Garcia,"2015-2019, 2023-2027",2
178896,Newton Cardoso Jr,"2015-2019, 2019-2023, 2023-2027",3
178895,Misael Varella,"2015-2019, 2019-2023, 2023-2027",3
178887,Rubens Pereira Júnior,"2015-2019, 2019-2023, 2023-2027",3
178886,Juscelino Filho,"2015-2019, 2019-2023, 2023-2027",3
178884,Hildo Rocha,"2015-2019, 2019-2023, 2023-2027",3
178882,André Fufuca,"2015-2019, 2019-2023, 2023-2027",3
178881,Aluisio Mendes,"2015-2019, 2019-2023, 2023-2027",3
178876,Célio Silveira,"2015-2019, 2019-2023, 2023-2027",3
178873,Helder Salomão,"2015-2019, 2019-2023, 2023-2027",3
178871,Evair Vieira de Melo,"2015-2019, 2019-2023, 2023-2027",3
178866,Luizianne Lins,"2015-2019, 2019-2023, 2023-2027",3
178860,Paulo Azi,"2015-2019, 2019-2023, 2023-2027",3
178858,Mário Negromonte Jr.,"2015-2019, 2019-2023, 2023-2027",3
178857,Jorge Solla,"2015-2019, 2019-2023, 2023-2027",3
178854,Elmar Nascimento,"2015-2019, 2019-2023, 2023-2027",3
178843,Marx Beltrão,"2015-2019, 2019-2023, 2023-2027",3
178835,Afonso Motta,"2011-2015, 2015-2019, 2019-2023, 2023-2027",4
178832,Leandre,"2015-2019, 2019-2023, 2023-2027",3
178831,ANDRÉ ABDON,"2015-2019, 2019-2023, 2023-2027",3
178829,Capitão Augusto,"2015-2019, 2019-2023, 2023-2027",3
175765,Ribamar Silva,2023-2027,1
171786,Miguel Ângelo,2023-2027,1
171623,Fabio Reis,"2011-2015, 2015-2019, 2019-2023, 2023-2027",4
171617,Paulão,"2011-2015, 2015-2019, 2019-2023, 2023-2027",4
171139,Loreny,2023-2027,1
166402,Magda Mofatto,"2011-2015, 2015-2019, 2019-2023, 2023-2027",4
165470,Rodrigo Valadares,2023-2027,1
164360,Carmen Zanotto,"2011-2015, 2015-2019, 2019-2023, 2023-2027",4
163321,Ronaldo Nogueira,"2011-2015, 2015-2019, 2023-2027",3
162332,Luiz Nishimori,"2011-2015, 2015-2019, 2019-2023, 2023-2027",4
162067,Kiko Celeguim,2023-2027,1
161550,Emidinho Madeira,"2019-2023, 2023-2027",2
161440,Pezenti,2023-2027,1
160976,Tiririca,"2011-2015, 2023-2027",2
160758,Domingos Sávio,"2011-2015, 2015-2019, 2019-2023, 2023-2027",4
160674,Hugo Motta,"2011-2015, 2015-2019, 2019-2023, 2023-2027",4
160673,Giovani Cherini,"2011-2015, 2015-2019, 2019-2023, 2023-2027",4
160666,Félix Mendonça Júnior,"2011-2015, 2015-2019, 2019-2023, 2023-2027",4
160665,Augusto Coutinho,"2011-2015, 2015-2019, 2019-2023, 2023-2027",4
160642,Pastor Eurico,"2011-2015, 2015-2019, 2019-2023, 2023-2027",4
160641,Professora Marcivania,"2011-2015, 2015-2019, 2019-2023, 2023-2027",4
160640,Eros Biondini,"2011-2015, 2015-2019, 2019-2023, 2023-2027",4
160635,Ruy Carneiro,"2011-2015, 2019-2023, 2023-2027",3
160632,Zé Silva,"2011-2015, 2023-2027",2
160629,Romero Rodrigues,"2011-2015, 2023-2027",2
160621,Sandro Alex,"2011-2015, 2015-2019, 2019-2023, 2023-2027",4
160610,Valmir Assunção,"2011-2015, 2023-2027",2
160604,Pedro Uczai,"2011-2015, 2015-2019, 2019-2023, 2023-2027",4
160601,Pr. Marco Feliciano,"2011-2015, 2015-2019, 2019-2023, 2023-2027",4
160600,Arthur Oliveira Maia,"2011-2015, 2015-2019, 2019-2023, 2023-2027",4
160599,Dimas Fabiano,"2011-2015, 2015-2019, 2019-2023, 2023-2027",4
160598,Flávia Morais,"2011-2015, 2015-2019, 2019-2023, 2023-2027",4
160592,Zeca Dirceu,"2011-2015, 2023-2027",2
160591,Vinicius Gurgel,"2011-2015, 2023-2027",2
160588,Diego Andrade,"2011-2015, 2015-2019, 2019-2023, 2023-2027",4
160575,Erika Kokay,"2011-2015, 2015-2019, 2019-2023, 2023-2027",4
160569,Waldenor Pereira,"2011-2015, 2023-2027",2
160561,Missionário José Olimpio,"2011-2015, 2015-2019, 2023-2027",3
160559,Alceu Moreira,"2011-2015, 2015-2019, 2019-2023, 2023-2027",4
160558,Paulo Freire Costa,"2011-2015, 2015-2019, 2019-2023, 2023-2027",4
160556,Padre João,"2011-2015, 2015-2019, 2019-2023, 2023-2027",4
160553,Antonio Brito,"2011-2015, 2015-2019, 2019-2023, 2023-2027",4
160552,Danrlei de Deus Hinterholz,"2011-2015, 2015-2019, 2019-2023, 2023-2027",4
160548,Jonas Donizette,"2011-2015, 2023-2027",2
160545,Alexandre Leite,"2011-2015, 2015-2019, 2019-2023, 2023-2027",4
160541,Arthur Lira,"2011-2015, 2015-2019, 2019-2023, 2023-2027",4
160538,Bohn Gass,"2011-2015, 2015-2019, 2019-2023, 2023-2027",4
160535,Marcon,"2011-2015, 2015-2019, 2019-2023, 2023-2027",4
160531,Jhonatan de Jesus,"2011-2015, 2015-2019, 2019-2023, 2023-2027",4
160527,Aguinaldo Ribeiro,"2011-2015, 2015-2019, 2019-2023, 2023-2027",4
160518,Weliton Prado,"2011-2015, 2023-2027",2
160517,Paulo Folletto,"2011-2015, 2015-2019, 2019-2023, 2023-2027",4
160512,Aureo Ribeiro,"2011-2015, 2015-2019, 2019-2023, 2023-2027",4
160510,Luis Tibé,"2011-2015, 2015-2019, 2019-2023, 2023-2027",4
160508,Afonso Florence,"2011-2015, 2015-2019, 2019-2023, 2023-2027",4
160161,Marcelo Queiroz,2023-2027,1
157130,Túlio Gadêlha,2023-2027,1
156190,Marcel van Hattem,"2019-2023, 2023-2027",2
154178,Milton Vieira,"2007-2011, 2019-2023, 2023-2027",3
153423,Renilce Nicodemos,2023-2027,1
152605,Glauber Braga,"2007-2011, 2011-2015, 2015-2019, 2019-2023, 2023-2027",5
150418,Márcio Marinho,"2007-2011, 2011-2015, 2015-2019, 2019-2023, 2023-2027",5
143942,Caio Vianna,2023-2027,1
143632,Domingos Neto,"2011-2015, 2015-2019, 2019-2023, 2023-2027",4
143084,Tiago Dimas,2023-2027,1
141555,Vinicius Carvalho,"2007-2011, 2023-2027",2
141533,Rodrigo Rollemberg,"2007-2011, 2023-2027",2
141531,Rodrigo de Castro,"2007-2011, 2011-2015, 2015-2019, 2019-2023, 2023-2027",5
141518,Paulinho da Força,"2007-2011, 2011-2015, 2015-2019, 2019-2023, 2023-2027",5
141516,Paulo Abi-Ackel,"2007-2011, 2011-2015, 2015-2019, 2019-2023, 2023-2027",5
141488,Paulo Teixeira,"2007-2011, 2011-2015, 2015-2019, 2019-2023, 2023-2027",5
141487,Luiz Fernando Faria,"2007-2011, 2011-2015, 2015-2019, 2023-2027",4
141485,Luiz Carlos Busato,"2007-2011, 2011-2015, 2015-2019, 2023-2027",4
141480,Lázaro Botelho,"2007-2011, 2011-2015, 2015-2019, 2019-2023, 2023-2027",5
141470,José Guimarães,"2007-2011, 2011-2015, 2015-2019, 2019-2023, 2023-2027",5
141464,José Airton Félix Cirilo,"2007-2011, 2011-2015, 2015-2019, 2019-2023, 2023-2027",5
141459,João Maia,"2007-2011, 2011-2015, 2019-2023, 2023-2027",4
141458,João Carlos Bacelar,"2007-2011, 2011-2015, 2015-2019, 2019-2023, 2023-2027",5
141456,Jilmar Tatto,"2007-2011, 2011-2015, 2023-2027",3
141450,Hugo Leal,"2007-2011, 2011-2015, 2015-2019, 2019-2023, 2023-2027",5
141431,Fernando Coelho Filho,"2007-2011, 2011-2015, 2015-2019, 2019-2023, 2023-2027",5
141421,Eduardo da Fonte,"2007-2011, 2011-2015, 2015-2019, 2019-2023, 2023-2027",5
141411,Dagoberto Nogueira,"2007-2011, 2015-2019, 2019-2023, 2023-2027",4
141408,Cleber Verde,"2007-2011, 2011-2015, 2015-2019, 2019-2023, 2023-2027",5
141398,Carlos Zarattini,"2007-2011, 2011-2015, 2015-2019, 2019-2023, 2023-2027",5
141391,Arnaldo Jardim,"2007-2011, 2011-2015, 2015-2019, 2019-2023, 2023-2027",5
139285,Lídice da Mata,"2007-2011, 2019-2023, 2023-2027",3
138286,Luciano Alves,2023-2027,1
137070,Vicentinho Júnior,2023-2027,1
136811,Afonso Hamm,"2003-2007, 2007-2011, 2011-2015, 2015-2019, 2019-2023, 2023-2027",6
133810,Marcelo Moraes,"2019-2023, 2023-2027",2
133439,André Figueiredo,"2003-2007, 2011-2015, 2015-2019, 2019-2023, 2023-2027",5
132504,Enio Verri,"2015-2019, 2019-2023, 2023-2027",3
129618,Gorete Pereira,"2003-2007, 2007-2011, 2011-2015, 2015-2019, 2019-2023, 2023-2027",6
128760,Paulo Marinho Jr,"2011-2015, 2019-2023, 2023-2027",3
123756,Antônia Lúcia,"2011-2015, 2019-2023, 2023-2027",3
123086,Átila Lira,2023-2027,1
122974,Pedro Lucas Fernandes,"2019-2023, 2023-2027",2
122195,Leonardo Gadelha,"2011-2015, 2019-2023, 2023-2027",3
122158,Pedro Paulo,"2011-2015, 2015-2019, 2019-2023, 2023-2027",4
121948,Adriano do Baldy,"2019-2023, 2023-2027",2
116379,Darci de Matos,"2019-2023, 2023-2027",2
115200,Raniery Paulino,2023-2027,1
109429,Benes Leocádio,"2019-2023, 2023-2027",2
107970,Ana Paula Leão,2023-2027,1
107283,Gleisi Hoffmann,"2019-2023, 2023-2027",2
104552,Socorro Neri,2023-2027,1
103758,Luciano Azevedo,2023-2027,1
100689,Hildo do Candango,2023-2027,1
98615,Ismael,2023-2027,1
98148,Cobalchini,2023-2027,1
98057,Lafayette de Andrada,"2019-2023, 2023-2027",2
92776,Stefano Aguiar,"2011-2015, 2019-2023, 2023-2027",3
92699,Fernando Monteiro,"2015-2019, 2019-2023, 2023-2027",3
92346,Eduardo Bolsonaro,"2015-2019, 2019-2023, 2023-2027",3
92102,Leur Lomanto Júnior,"2019-2023, 2023-2027",2
91228,Waldemar Oliveira,2023-2027,1
89536,Prof. Paulo Fernando,2023-2027,1
88256,Clodoaldo Magalhães,2023-2027,1
81055,Márcio Jerry,"2019-2023, 2023-2027",2
80815,Leo Prates,2023-2027,1
77003,Sergio Santos Rodrigues,2023-2027,1
74858,Lindbergh Farias,"2003-2007, 2023-2027",2
74856,Laura Carneiro,"1999-2003, 2003-2007, 2015-2019, 2019-2023, 2023-2027",5
74848,Jandira Feghali,"1999-2003, 2003-2007, 2011-2015, 2015-2019, 2019-2023, 2023-2027",6
74784,Luiza Erundina,"1999-2003, 2003-2007, 2007-2011, 2011-2015, 2015-2019, 2019-2023, 2023-2027",7
74696,Alberto Mourão,"1999-2003, 2011-2015, 2023-2027",3
74646,Aécio Neves,"1999-2003, 2019-2023, 2023-2027",3
74585,Lincoln Portela,"1999-2003, 2003-2007, 2007-2011, 2011-2015, 2015-2019, 2019-2023, 2023-2027",7
74574,Paulo Magalhães,"1999-2003, 2003-2007, 2007-2011, 2011-2015, 2015-2019, 2019-2023, 2023-2027",7
74554,José Rocha,"1999-2003, 2003-2007, 2007-2011, 2011-2015, 2015-2019, 2019-2023, 2023-2027",7
74550,João Leão,"1999-2003, 2003-2007, 2007-2011, 2011-2015, 2023-2027",5
74537,Claudio Cajado,"1999-2003, 2003-2007, 2007-2011, 2011-2015, 2015-2019, 2019-2023, 2023-2027",7
74478,Luciano Bivar,"1999-2003, 2015-2019, 2019-2023, 2023-2027",4
74467,Damião Feliciano,"1999-2003, 2003-2007, 2007-2011, 2011-2015, 2015-2019, 2019-2023, 2023-2027",7
74454,Eunício Oliveira,"1999-2003, 2003-2007, 2007-2011, 2023-2027",4
74428,Mendonça Filho,"2011-2015, 2015-2019, 2023-2027",3
74400,Paulo Pimenta,"2003-2007, 2007-2011, 2011-2015, 2015-2019, 2019-2023, 2023-2027",6
74398,Maria do Rosário,"2003-2007, 2007-2011, 2011-2015, 2015-2019, 2019-2023, 2023-2027",6
74383,Giacobo,"2003-2007, 2007-2011, 2011-2015, 2015-2019, 2019-2023, 2023-2027",6
74376,Vander Loubet,"2007-2011, 2011-2015, 2023-2027",3
74374,Geraldo Resende,"2003-2007, 2007-2011, 2011-2015, 2015-2019, 2019-2023, 2023-2027",6
74371,Rubens Otoni,"2003-2007, 2007-2011, 2011-2015, 2015-2019, 2019-2023, 2023-2027",6
74356,Silas Câmara,"1999-2003, 2003-2007, 2007-2011, 2011-2015, 2019-2023, 2023-2027",6
74317,Júlio Cesar,"2003-2007, 2007-2011, 2011-2015, 2015-2019, 2019-2023, 2023-2027",6
74299,Leônidas Cristino,"2003-2007, 2015-2019, 2019-2023, 2023-2027",4
74283,Vicentinho,"2007-2011, 2011-2015, 2023-2027",3
74273,Jefferson Campos,"2003-2007, 2007-2011, 2011-2015, 2015-2019, 2019-2023, 2023-2027",6
74270,Gilberto Nascimento,"2003-2007, 2015-2019, 2019-2023, 2023-2027",4
74262,Carlos Sampaio,"2003-2007, 2007-2011, 2011-2015, 2015-2019, 2019-2023, 2023-2027",6
74253,Julio Lopes,"2003-2007, 2011-2015, 2015-2019, 2019-2023, 2023-2027",5
74171,Chico Alencar,"2003-2007, 2007-2011, 2011-2015, 2015-2019, 2023-2027",5
74161,Reginaldo Lopes,"2003-2007, 2007-2011, 2011-2015, 2015-2019, 2019-2023, 2023-2027",6
74160,Patrus Ananias,"2003-2007, 2015-2019, 2019-2023, 2023-2027",4
74159,Odair Cunha,"2003-2007, 2007-2011, 2011-2015, 2015-2019, 2019-2023, 2023-2027",6
74158,Mário Heringer,"2003-2007, 2007-2011, 2011-2015, 2015-2019, 2019-2023, 2023-2027",6
74156,Leonardo Monteiro,"2003-2007, 2007-2011, 2011-2015, 2015-2019, 2019-2023, 2023-2027",6
74141,Josias Gomes,"2003-2007, 2011-2015, 2015-2019, 2019-2023, 2023-2027",5
74095,Pauderney Avelino,"1999-2003, 2003-2007, 2011-2015, 2015-2019, 2023-2027",5
74090,Átila Lins,"1999-2003, 2003-2007, 2007-2011, 2011-2015, 2015-2019, 2019-2023, 2023-2027",7
74084,Raimundo Santos,"1999-2003, 2003-2007, 2023-2027",3
74079,José Priante,"1999-2003, 2003-2007, 2011-2015, 2015-2019, 2019-2023, 2023-2027",6
74075,Elcione Barbalho,"1999-2003, 2007-2011, 2011-2015, 2015-2019, 2019-2023, 2023-2027",6
74065,Fatima Pelaes,"1999-2003, 2007-2011, 2011-2015, 2023-2027",4
74060,Daniel Almeida,"2003-2007, 2007-2011, 2011-2015, 2015-2019, 2019-2023, 2023-2027",6
74057,Alice Portugal,"2003-2007, 2007-2011, 2011-2015, 2015-2019, 2019-2023, 2023-2027",6
74052,Bosco Costa,"2003-2007, 2015-2019, 2019-2023, 2023-2027",4
74044,Wilson Santiago,"2007-2011, 2023-2027",2
74043,Wellington Roberto,"2007-2011, 2011-2015, 2023-2027",3
74041,Luiz Couto,"2003-2007, 2007-2011, 2011-2015, 2015-2019, 2023-2027",5
73808,Sérgio Brito,"2007-2011, 2011-2015, 2019-2023, 2023-2027",4
73806,Roseana Sarney,2023-2027,1
73801,Renildo Calheiros,"2003-2007, 2007-2011, 2019-2023, 2023-2027",4
73788,Ricardo Barros,"1999-2003, 2003-2007, 2007-2011, 2015-2019, 2019-2023, 2023-2027",6
73778,Luiz Carlos Hauly,"1999-2003, 2003-2007, 2007-2011, 2011-2015, 2015-2019, 2023-2027",6
73768,Dilceu Sperafico,"1999-2003, 2003-2007, 2007-2011, 2011-2015, 2015-2019, 2023-2027",6
73701,Benedita da Silva,"2011-2015, 2015-2019, 2019-2023, 2023-2027",4
73692,Osmar Terra,"1999-2003, 2003-2007, 2007-2011, 2011-2015, 2015-2019, 2019-2023, 2023-2027",7
73604,Rui Falcão,"1999-2003, 2019-2023, 2023-2027",3
73579,Alberto Fraga,"1999-2003, 2003-2007, 2007-2011, 2015-2019, 2023-2027",5
73531,Ivan Valente,"1999-2003, 2003-2007, 2007-2011, 2011-2015, 2015-2019, 2019-2023, 2023-2027",7
73486,Pompeo de Mattos,"1999-2003, 2003-2007, 2007-2011, 2015-2019, 2019-2023, 2023-2027",6
73441,Celso Russomanno,"1999-2003, 2003-2007, 2007-2011, 2015-2019, 2019-2023, 2023-2027",6
73433,Arlindo Chinaglia,"1999-2003, 2003-2007, 2007-2011, 2011-2015, 2015-2019, 2019-2023, 2023-2027",7
72442,Felipe Carreras,"2015-2019, 2019-2023, 2023-2027",3
69871,Bacelar,"2015-2019, 2019-2023, 2023-2027",3
68720,Fábio Henrique,"2019-2023, 2023-2027",2
66828,Fausto Pinato,"2015-2019, 2019-2023, 2023-2027",3
66385,Julio Arcoverde,2023-2027,1
62881,Danilo Forte,"2011-2015, 2015-2019, 2019-2023, 2023-2027",4
