deputado_id,deputado_nome,presencas_nominais,total_nominais_ano,total_geral_reunioes_ano,taxa_assiduidade_%
3151,Jairo Ataide,299,616,33327,48.54
3155,Bispo Gê Tenuta,13,83,5422,15.66
4927,Jorginho Maluly,44,83,5422,53.01
4928,Eduardo Lopes,27,83,5422,32.53
4929,Joseph Bandeira,85,293,17124,29.01
4930,Silvio Costa,887,1432,54800,61.94
4931,Izalci,1002,1713,66427,58.49
62881,Danilo Forte,2562,4796,103535,53.42
64960,Maria Helena,645,982,32317,65.68
66179,Norma Ayub,2014,2647,37173,76.09
66385,Julio Arcoverde,739,1510,37087,48.94
66828,Fausto Pinato,2981,4679,89772,63.71
67138,Iracema Portella,1507,3619,75168,41.64
67312,Júlia Marinho,688,899,26895,76.53
68720,Fábio Henrique,1937,2718,36161,71.27
68731,Henrique Oliveira,242,450,22483,53.78
69871,Bacelar,3516,4679,89772,75.14
72442,Felipe Carreras,2516,4470,84247,56.29
72912,Celso Pansera,545,899,26895,60.62
73416,Nelson Bornier,128,293,17124,43.69
73424,Simão Sessim,876,1432,54800,61.17
73428,Aldo Rebelo,71,207,11690,34.3
73431,Antonio Carlos Pannunzio,48,83,5422,57.83
73433,Arlindo Chinaglia,3424,5212,117677,65.69
73434,Arnaldo Faria de Sá,1059,1432,54800,73.95
73437,Beto Mansur,695,1432,54800,48.53
73441,Celso Russomanno,2858,4762,95194,60.02
73447,Edinho Araújo,563,972,37995,57.92
73456,Waldemir Moka,51,83,5422,61.45
73458,Alex Canziani,643,1432,54800,44.9
73459,Dr. Rosinha,246,533,27905,46.15
73460,Gustavo Fruet,1569,2353,31212,66.68
73461,Iris Simões,22,83,5422,26.51
73463,Osmar Serraglio,1607,2976,70377,54.0
73464,Oliveira Filho,48,154,7256,31.17
73466,Rubens Bueno,3032,3619,75168,83.78
73471,Fernando Coruja,51,83,5422,61.45
73472,Gervásio Silva,36,83,5422,43.37
73474,Luci Choinacki,234,450,22483,52.0
73478,Beto Albuquerque,192,409,21637,46.94
73481,Fernando Marroni,469,846,37892,55.44
73482,Henrique Fontana,2710,3702,80590,73.2
73483,Luis Carlos Heinze,1022,1432,54800,71.37
73486,Pompeo de Mattos,3285,4762,95194,68.98
73490,Ricarte de Freitas,4,83,5422,4.82
73492,Antonio Carlos Biscaia,30,83,5422,36.14
73507,Rose de Freitas,250,533,27905,46.9
73531,Ivan Valente,3901,5212,117677,74.85
73534,João Paulo Cunha,199,447,24380,44.52
73535,Jorge Tadeu Mudalen,873,1432,54800,60.96
73536,José Aníbal,45,169,8947,26.63
73540,José Genoíno,141,237,12678,59.49
73552,Michel Temer,45,83,5422,54.22
73553,Nelson Marquezelli,940,1432,54800,65.64
73556,Regis de Oliveira,59,83,5422,71.08
73559,Salvador Zimbaldi,249,450,22483,55.33
73560,Silvio Torres,704,1068,35842,65.92
73564,Vadão Gomes,15,83,5422,18.07
73565,Valdemar Costa Neto,62,447,24380,13.87
73568,Celso Jacob,710,1139,37676,62.34
73569,Jorge Pinheiro,36,124,6268,29.03
73579,Alberto Fraga,1821,2492,69404,73.07
73584,Antonio Carlos Mendes Thame,685,1432,54800,47.84
73586,Júlio Delgado,2671,3702,80590,72.15
73588,Mauro Benevides,340,742,33430,45.82
73594,NIlmar Ruiz,143,323,16203,44.27
73604,Rui Falcão,2717,3780,62877,71.88
73612,Paulo Rattes,11,83,5422,13.25
73653,Wellington Fagundes,217,533,27905,40.71
73655,Augusto Carvalho,1033,1432,54800,72.14
73658,Jofran Frejat,64,83,5422,77.11
73660,Osório Adriano,7,83,5422,8.43
73666,Jovair Arantes,598,1432,54800,41.76
73673,Pedro Wilson,61,83,5422,73.49
73674,Roberto Balestra,848,1432,54800,59.22
73676,Sandro Mabel,177,533,27905,33.21
73677,Vilmar Rocha,50,296,15227,16.89
73682,João Dado,338,533,27905,63.41
73692,Osmar  Terra,2691,4879,108957,55.15
73696,Angela Amin,1936,2353,31212,82.28
73701,Benedita da Silva,3127,5129,112255,60.97
73714,José Reinaldo,671,899,26895,74.64
73716,Leomar Quintanilha,41,154,7256,26.62
73720,Cesar Souza,407,899,26895,45.27
73761,Nelson Trad,59,83,5422,71.08
73764,Abelardo Lupion,262,533,27905,49.16
73765,Affonso Camargo,3,83,5422,3.61
73768,Dilceu Sperafico,2003,2942,91887,68.08
73772,Hermes Parcianello,1901,3702,80590,51.35
73777,Luciano Pizzatto,2,154,7256,1.3
73778,Luiz Carlos Hauly,1557,2732,80185,56.99
73781,Nelson Meurer,1099,1432,54800,76.75
73782,Odílio Balbinotti,268,409,21637,65.53
73786,Reinhold Stephanes,440,965,37557,45.6
73788,Ricardo Barros,2059,4079,77431,50.48
73793,Edinho Bez,677,1290,50809,52.48
73801,Renildo Calheiros,2630,3780,62877,69.58
73805,Roberto Freire,613,1349,49378,45.44
73806,Roseana Sarney,270,895,21202,30.17
73808,Sérgio Brito,1941,5212,117677,37.24
73809,Uldurico Pinto,48,83,5422,57.83
73817,Antonio Cruz,53,83,5422,63.86
73831,Tampinha,124,209,5525,59.33
73873,João Matos,41,83,5422,49.4
73874,João Pizzolatti,154,533,27905,28.89
73875,José Carlos Vieira,39,169,8947,23.08
73882,Paulo Bauer,35,83,5422,42.17
73883,Paulo Bornhausen,62,447,22471,13.87
73891,Darcísio Perondi,1246,2158,65013,57.74
73892,Eliseu Padilha,190,533,27905,35.65
73893,Enio Bacci,174,533,27905,32.65
73904,Mendes Ribeiro Filho,86,361,18946,23.82
73907,Nelson Proença,12,83,5422,14.46
73909,Osvaldo Biolchi,2,83,5422,2.41
73924,Davi Alcolumbre,237,533,27905,44.47
73926,Janete Capiberibe,687,1432,54800,47.97
73928,Ann Pontes,9,83,5422,10.84
73929,Jader Barbalho,5,83,5422,6.02
73930,Wladimir Costa,404,1432,54800,28.21
73931,Zé Geraldo,862,1432,54800,60.2
73933,Zequinha Marinho,254,533,27905,47.65
73934,Carlos Souza,333,827,33866,40.27
73936,Lupércio Ramos,54,83,5422,65.06
73937,Anselmo de Jesus,221,323,16203,68.42
73938,Eduardo Valverde,40,83,5422,48.19
73940,Henrique Afonso,328,533,27905,61.54
73943,Perpétua Almeida,2011,2803,53695,71.74
73945,Eduardo Gomes,81,533,27905,15.2
73981,Francisco Rodrigues,37,83,5422,44.58
73982,Luciano Castro,245,533,27905,45.97
73987,Antonio Feijão,13,83,5422,15.66
73992,Yeda Crusius,210,377,11383,55.7
73993,Arnaldo Madeira,54,83,5422,65.06
73998,Silvio Lopes,55,83,5422,66.27
74000,Chico da Princesa,43,83,5422,51.81
74005,Olavo Calheiros,15,83,5422,18.07
74010,Valdir Colatto,991,1432,54800,69.2
74016,Costa Ferreira,232,450,22483,51.56
74017,Paulo Feijó,941,1349,49378,69.76
74026,Clóvis Fecury,18,83,5422,21.69
74027,Ribamar Alves,102,293,17124,34.81
74032,Pastor Pedro Ribeiro,10,83,5422,12.05
74037,Fátima Bezerra,271,533,27905,50.84
74039,Sandra Rosado,262,533,27905,49.16
74040,Benjamin Maranhão,909,1349,49378,67.38
74041,Luiz Couto,2490,2942,91887,84.64
74043,Wellington Roberto,2059,5212,117677,39.5
74044,Wilson Santiago,2138,3863,68299,55.35
74045,Maurício Rands,36,83,5422,43.37
74047,Paulo Rubem Santiago,305,533,27905,57.22
74048,Raul Jungmann,254,605,20934,41.98
74049,João Lyra,125,450,22483,27.78
74050,Maurício Quintella Lessa,454,1432,54800,31.7
74052,Bosco Costa,1847,2927,41686,63.1
74053,Heleno Silva,123,210,11702,58.57
74055,José Carlos Machado,44,83,5422,53.01
74056,Mendonça Prado,257,533,27905,48.22
74057,Alice Portugal,3970,5212,117677,76.17
74058,Antonio Carlos Magalhães Neto,165,293,17124,56.31
74059,Luiz Bassuma,48,83,5422,57.83
74060,Daniel Almeida,3447,5212,117677,66.14
74061,Edson Duarte,41,83,5422,49.4
74062,Fábio Souto,315,533,27905,59.1
74063,Fernando de Fabinho,1,83,5422,1.2
74065,Fátima Pelaes,425,1148,43790,37.02
74075,Elcione Barbalho,2440,5212,117677,46.82
74076,Gerson Peres,46,83,5422,55.42
74077,Giovanni Queiroz,293,533,27905,54.97
74079,José Priante,2019,5129,112255,39.36
74082,Paulo Rocha,53,83,5422,63.86
74084,Raimundo Santos,1007,1510,37087,66.69
74087,Vic Pires Franco,33,83,5422,39.76
74090,Átila Lins,2946,5212,117677,56.52
74094,Dr. Luiz Fernando,73,240,10781,30.42
74095,Pauderney Avelino,1337,2258,68378,59.21
74099,Euripedes Miranda,2,83,5422,2.41
74102,Pedro Valadares,11,83,5422,13.25
74103,Ariosto Holanda,581,1432,54800,40.57
74106,Edson Silva,182,450,22483,40.44
74108,Narcio Rodrigues,42,323,16203,13.0
74111,Pedro Henry,101,447,24380,22.6
74119,Emanuel Fernandes,325,533,27905,60.98
74120,João Magalhães,342,533,27905,64.17
74124,Marçal Filho,378,533,27905,70.92
74133,Luiz Alberto,369,533,27905,69.23
74140,José Carlos Araújo,991,1432,54800,69.2
74141,Josias Gomes,1478,3504,93179,42.18
74142,Luiz Carreira,46,83,5422,55.42
74143,Marcelo Guimarães Filho,47,237,12678,19.83
74145,Zezéu Ribeiro,187,409,21637,45.72
74148,Carlos Willian,28,83,5422,33.73
74151,Geraldo Thadeu,288,533,27905,54.03
74152,Isaias Silvestre,115,240,12690,47.92
74156,Leonardo Monteiro,3361,5212,117677,64.49
74158,Mário Heringer,2792,5002,105975,55.82
74159,Odair Cunha,2803,4455,94773,62.92
74160,Patrus Ananias,3177,4366,79785,72.77
74161,Reginaldo Lopes,2856,5212,117677,54.8
74162,Iriny Lopes,225,409,21637,55.01
74163,Manato,1234,1432,54800,86.17
74165,Neucimar Fraga,874,1544,15577,56.61
74169,Bernardo Ariston,42,83,5422,50.6
74171,Chico Alencar,2278,2942,91887,77.43
74172,Deley,872,1432,54800,60.89
74173,Eduardo Cunha,694,1055,43417,65.78
74177,Marinha Raupp,762,1432,54800,53.21
74189,Freire Júnior,12,142,3991,8.45
74191,Osvaldo Reis,167,323,16203,51.7
74197,Domingos Dutra,323,533,27905,60.6
74200,Gastão Vieira,1289,2563,41005,50.29
74207,Pedro Novais,187,533,27905,35.08
74209,Roberto Rocha,13,83,5422,15.66
74210,Sarney Filho,338,1432,54800,23.6
74212,Aníbal Gomes,1126,2723,73518,41.35
74213,Antonio Balhmann,390,905,36461,43.09
74216,Raimundo Gomes de Matos,972,1432,54800,67.88
74218,Walter Pinheiro,33,83,5422,39.76
74222,Asdrubal Bentes,227,533,27905,42.59
74230,Colbert Martins,170,323,16203,52.63
74235,Marcus Vicente,595,899,26895,66.18
74238,Moacir Micheletto,112,207,11690,54.11
74253,Julio Lopes,1751,4163,89352,42.06
74254,Leonardo Picciani,980,2976,70377,32.93
74262,Carlos Sampaio,3198,5212,117677,61.36
74264,Devanir Ribeiro,333,533,27905,62.48
74265,Dimas Ramalho,107,293,17124,36.52
74270,Gilberto Nascimento,1763,4679,89772,37.68
74273,Jefferson Campos,3466,5212,117677,66.5
74274,José Eduardo Cardozo,42,83,5422,50.6
74275,José Mentor,896,1432,54800,62.57
74277,Lobbe Neto,816,982,32317,83.1
74278,Marcelo Ortiz,94,225,9413,41.78
74283,Vicentinho,3658,5212,117677,70.18
74284,Walter Feldman,147,323,18112,45.51
74285,Carlos Abicalil,43,83,5422,51.81
74286,Thelma de Oliveira,43,83,5422,51.81
74289,Tatico,18,83,5422,21.69
74290,Carlos Alberto Leréia,196,533,27905,36.77
74291,Arnon Bezerra,530,1055,43417,50.24
74297,José Linhares,217,533,27905,40.71
74298,José Pimentel,33,83,5422,39.76
74299,Leônidas Cristino,3231,4679,89772,69.05
74300,Marcelo Teixeira,46,83,5422,55.42
74305,Roberto Pessoa,310,726,10213,42.7
74308,Vicente Arruda,591,1432,54800,41.27
74309,Zé Gerardo,54,83,5422,65.06
74313,Ciro Nogueira,50,83,5422,60.24
74317,Júlio Cesar,3213,5212,117677,61.65
74319,Paes Landim,1029,2744,70592,37.5
74321,Betinho Rosado,119,533,27905,22.33
74324,Henrique Eduardo Alves,269,533,27905,50.47
74337,Milton Barbosa,15,83,5422,18.07
74341,Sá,10,83,5422,12.05
74345,Evandro Milhomen,356,533,27905,66.79
74346,Jurandil Juarez,56,83,5422,67.47
74351,Josué Bengtson,880,1349,49378,65.23
74352,Nilson Pinto,2314,3492,68888,66.27
74354,Zenaldo Coutinho,87,293,17124,29.69
74356,Silas Câmara,2671,5212,117677,51.25
74357,Vanessa Grazziotin,45,83,5422,54.22
74358,Agnaldo Muniz,10,83,5422,12.05
74359,Nilton Capixaba,843,1349,49378,62.49
74363,Marcio Bittar,128,450,22483,28.44
74365,Nilson Mourão,45,83,5422,54.22
74366,João Campos,2282,3702,80590,61.64
74367,Leandro Vilela,266,533,27905,49.91
74368,Leonardo Vilela,46,293,17124,15.7
74370,Professora Raquel Teixeira,38,83,5422,45.78
74371,Rubens Otoni,2812,5212,117677,53.95
74372,Sandes Júnior,677,1432,54800,47.28
74373,Antônio Carlos Biffi,335,533,27905,62.85
74374,Geraldo Resende,1991,2942,91887,67.68
74376,Vander Loubet,3443,5212,117677,66.06
74377,Andre Zacharow,241,533,27905,45.22
74378,Assis do Couto,1056,1432,54800,73.74
74379,Cezar Silvestri,57,169,8947,33.73
74382,Eduardo Sciarra,332,533,27905,62.29
74383,Giacobo,2225,5212,117677,42.69
74385,Takayama,684,1432,54800,47.77
74388,Jorge Boeira,698,1432,54800,48.74
74391,Vignatti,49,83,5422,59.04
74392,Zonta,103,207,11690,49.76
74395,José Otávio Germano,336,1432,54800,23.46
74397,Luciana Genro,57,83,5422,68.67
74398,Maria do Rosário,2942,4848,98719,60.68
74399,Onyx Lorenzoni,938,2351,69099,39.9
74400,Paulo Pimenta,2750,4317,96475,63.7
74405,Armando Abílio,73,169,10856,43.2
74414,Wilson Braga,26,83,5422,31.33
74417,Fernando Ferro,373,533,27905,69.98
74419,Gonzaga Patriota,2097,3702,80590,56.65
74421,Inocêncio Oliveira,284,533,27905,53.28
74423,José Chaves,200,533,27905,37.52
74425,José Mendonça Bezerra,33,83,5422,39.76
74428,Mendonça Filho,1569,2859,86465,54.88
74433,Roberto Magalhães,32,83,5422,38.55
74435,Sergio Guerra,87,364,18958,23.9
74439,Wolney Queiroz,2258,3702,80590,60.99
74441,Augusto Farias,51,83,5422,61.45
74445,João Castelo,303,522,15512,58.05
74447,Nice Lobão,112,533,27905,21.01
74449,Pedro Fernandes,836,1192,42110,70.13
74454,Eunício Oliveira,677,1593,42509,42.5
74455,Leo Alcântara,51,83,5422,61.45
74456,Manoel Salviano,206,533,27905,38.65
74457,Moroni Torgan,361,522,15512,69.16
74459,Átila Lira,2550,3338,61632,76.39
74460,Marcelo Castro,955,1432,54800,66.69
74461,Themístocles Sampaio,41,83,5422,49.4
74467,Damião Feliciano,2934,5212,117677,56.29
74470,Marcondes Gadelha,110,747,24925,14.73
74471,André de Paula,1824,3025,51645,60.3
74472,Armando Monteiro,34,83,5422,40.96
74474,Carlos Eduardo Cadoca,939,1432,54800,65.57
74478,Luciano Bivar,826,4157,74260,19.87
74490,Washington Luiz,15,83,5422,18.07
74491,Nazareno Fonteles,313,533,27905,58.72
74517,Benedito de Lira,42,83,5422,50.6
74528,Jerônimo Reis,32,83,5422,38.55
74533,Sérgio Barradas Carneiro,174,293,17124,59.39
74535,Benito Gama,653,899,26895,72.64
74537,Claudio Cajado,3297,5212,117677,63.26
74542,Félix Mendonça,49,83,5422,59.04
74544,Geddel Vieira Lima,12,83,5422,14.46
74547,Jairo Carneiro,17,83,5422,20.48
74549,João Almeida,46,83,5422,55.42
74550,João Leão,1032,2043,64992,50.51
74552,Jorge Khoury,34,83,5422,40.96
74553,José Carlos Aleluia,656,982,32317,66.8
74554,José Rocha,2888,5212,117677,55.41
74556,Pedro Eugênio,276,533,27905,51.78
74558,Givaldo Carimbão,802,1432,54800,56.01
74559,João Caldas,21,326,16215,6.44
74566,Geraldo Simões,351,533,27905,65.85
74570,Jutahy Junior,987,1432,54800,68.92
74571,Nelson Pellegrino,828,1765,63520,46.91
74574,Paulo Magalhães,3483,5212,117677,66.83
74580,Edmar Moreira,50,169,8947,29.59
74581,Gilmar Machado,169,293,17124,57.68
74585,Lincoln Portela,3437,5212,117677,65.94
74587,Maria Lúcia Cardoso,31,83,5422,37.35
74590,Rafael Guerra,35,83,5422,42.17
74593,Virgílio Guimarães,54,83,5422,65.06
74634,Marcos Medrado,359,768,35297,46.74
74635,Mário Negromonte,173,409,21637,42.3
74641,Severiano Alves,19,83,5422,22.89
74646,Aécio Neves,1544,3780,62877,40.85
74648,Aracely de Paula,279,533,27905,52.35
74650,Bonifácio de Andrada,693,1432,54800,48.39
74651,Carlos Melles,535,1222,43098,43.78
74655,Eduardo Barbosa,2864,3702,80590,77.36
74662,Humberto Souto,127,323,16203,39.32
74665,Jaime Martins,726,1432,54800,50.7
74686,Jorge Bittar,197,409,21637,48.17
74688,Luiz Sérgio,920,1308,48532,70.34
74693,Rodrigo Maia,1757,3702,80590,47.46
74696,Alberto Mourão,384,1105,32904,34.75
74701,Antonio Palocci,15,83,5422,18.07
74741,José Santana de Vasconcellos,41,83,5422,49.4
74742,Lael Varella,145,533,27905,27.2
74744,Marcio Reinaldo Moreira,154,376,22546,40.96
74745,Marcos Lima,56,83,5422,67.47
74747,Mário de Oliveira,71,293,17124,24.23
74749,Mauro Lopes,2068,3702,80590,55.86
74750,Newton Cardoso,124,450,22483,27.56
74751,Nilmário Miranda,158,762,26293,20.73
74752,Odelmo Leão,393,522,15512,75.29
74754,Paulo Delgado,48,83,5422,57.83
74762,Saraiva Felipe,995,1432,54800,69.48
74765,Silas Brasileiro,354,845,31715,41.89
74777,Rita Camata,54,83,5422,65.06
74780,Iara Bernardi,161,240,10781,67.08
74783,Julio Semeghini,31,83,5422,37.35
74784,Luiza Erundina,3407,5212,117677,65.37
74787,Milton Monti,884,1432,54800,61.73
74793,Ricardo Berzoini,308,533,27905,57.79
74802,Magela,107,533,27905,20.08
74806,Tadeu Filippelli,248,476,6915,52.1
74810,Luiz Bittencourt,55,83,5422,66.27
74812,Pedro Chaves,1122,1432,54800,78.35
74813,Ronaldo Caiado,275,533,27905,51.59
74829,Alexandre Cardoso,36,169,10856,21.3
74830,Alexandre Santos,224,533,27905,42.03
74833,Arolde de Oliveira,561,1119,44813,50.13
74835,Carlos Santana,57,83,5422,68.67
74838,Edson Ezequiel,342,533,27905,64.17
74841,Fernando Gabeira,51,83,5422,61.45
74842,Fernando Gonçalves,39,83,5422,46.99
74843,Fernando Lopes,110,323,16203,34.06
74847,Jair Bolsonaro,1116,1432,54800,77.93
74848,Jandira Feghali,3687,5129,112255,71.89
74856,Laura Carneiro,1426,3367,73980,42.35
74858,Lindbergh Farias,999,1510,37087,66.16
74862,Miro Teixeira,1172,1432,54800,81.84
75431,Maurício Dziedricki,1775,2270,25790,78.19
76287,Marcelo Matos,908,1349,49378,67.31
76420,Rui Palmeira,89,210,11702,42.38
76874,Marcelo Freixo,1707,2270,25790,75.2
77003,Sergio Santos Rodrigues,91,615,15885,14.8
77701,Jackson Barreto,43,83,5422,51.81
80815,Leo Prates,911,1510,37087,60.33
80920,Penna,335,763,32470,43.91
81055,Márcio Jerry,1855,3780,62877,49.07
81232,Irajá Abreu,437,1349,49378,32.39
81297,Dra. Soraya Manato,1962,2270,25790,86.43
81366,Luana Costa,260,586,16908,44.37
81512,Luciana Costa,42,83,5422,50.6
88256,Clodoaldo Magalhães,883,1510,37087,58.48
88950,Rodrigo Garcia,190,751,29205,25.3
89282,Reguffe,352,450,22483,78.22
89536,Prof. Paulo Fernando,259,447,10831,57.94
90201,Pedro Augusto Bezerra,1622,2270,25790,71.45
90842,Santini,722,1684,20211,42.87
91208,Robinson Almeida,100,235,7392,42.55
91228,Waldemar Oliveira,1151,1510,37087,76.23
92102,Leur Lomanto Júnior,2160,3780,62877,57.14
92172,Milton Coelho,753,1544,15577,48.77
92346,Eduardo Bolsonaro,2816,4614,87712,61.03
92355,Vitor Paulo,307,592,26474,51.86
92699,Fernando Monteiro,2957,4679,89772,63.2
92776,Stefano Aguiar,2867,5129,112255,55.9
93083,Cacá Leão,2226,3169,52685,70.24
93472,Cristiane Brasil,368,899,26895,40.93
94931,Lucio Vieira Lima,729,1349,49378,54.04
97707,Heráclito Fortes,622,899,26895,69.19
97822,Jaqueline Roriz,257,450,22483,57.11
98057,Lafayette de Andrada,2103,3780,62877,55.63
98148,Cobalchini,1004,1510,37087,66.49
98615,Ismael,883,1510,37087,58.48
99654,Erivelton Santana,825,1349,49378,61.16
100689,Hildo do Candango,106,895,21202,11.84
101309,Davidson Magalhães,496,899,26895,55.17
103758,Luciano Azevedo,376,895,21202,42.01
104254,Rui Costa,111,210,9793,52.86
104552,Socorro Neri,879,1510,37087,58.21
105112,Cabuçu Borges,649,899,26895,72.19
105534,Alexandre Figueiredo,97,586,5579,16.55
107283,Gleisi Hoffmann,1630,3715,60817,43.88
107970,Ana Paula Leão,904,1510,37087,59.87
108338,Jaqueline Cassol,1640,2270,25790,72.25
109152,Bernardo Santana de Vasconcellos,225,450,22483,50.0
109372,Paulo Ferreira,172,326,16215,52.76
109429,Benes Leocádio,2698,3780,62877,71.38
112437,João Marcelo Souza,1743,3169,52685,55.0
113247,Valmir Prascidelli,683,899,26895,75.97
114586,Cristiano,26,124,6268,20.97
114941,Josi Nunes,686,899,26895,76.31
115200,Raniery Paulino,72,448,10371,16.07
115746,Gelson Azevedo,1773,2270,25790,78.11
116379,Darci de Matos,1864,3165,46992,58.89
116663,Alfredo Sirkis,216,450,22483,48.0
118384,Dr. Carlos Alberto,247,450,22483,54.89
118594,Marcelo Squassoni,722,2443,42472,29.55
121759,Marllos Sampaio,281,450,22483,62.44
121948,Adriano do Baldy,2722,3780,62877,72.01
122158,Pedro Paulo,1808,5129,112255,35.25
122195,Leonardo Gadelha,669,2318,42163,28.86
122466,Ronaldo Martins,815,2211,42687,36.86
122974,Pedro Lucas Fernandes,2350,3780,62877,62.17
123086,Átila Lira,1050,1510,37087,69.54
123756,Antônia Lúcia,995,2546,65149,39.08
124411,Mauro Pereira,632,899,26895,70.3
128760,Paulo Marinho Junior,471,2025,35768,23.26
129037,Gabriel Guimarães,689,1349,49378,51.07
129618,Gorete Pereira,870,2848,68351,30.55
131943,Jarbas Vasconcelos,697,899,26895,77.53
131966,José Fogaça,609,899,26895,67.74
132056,Paulo Maluf,371,1290,50809,28.76
132504,Enio Verri,2407,3169,52685,75.95
133372,Natan Donadon,167,447,24380,37.36
133373,Marco Maia,790,1432,54800,55.17
133374,Ademir Camilo,837,1432,54800,58.45
133439,André Figueiredo,3486,5129,112255,67.97
133810,Marcelo Moraes,2367,3780,62877,62.62
133853,Ibsen Pinheiro,26,83,5422,31.33
133968,Paulo Ramos,1594,2270,25790,70.22
134812,Edmilson Rodrigues,1251,1625,37108,76.98
135054,Cristiano Vale,1591,2270,25790,70.09
136811,Afonso Hamm,3131,5212,117677,60.07
137070,Vicentinho Júnior,2793,4679,89772,59.69
137853,Wadson Ribeiro,272,522,15512,52.11
137983,Francisco Escórcio,174,450,22483,38.67
138286,Luciano Alves,700,1510,37087,46.36
139133,Alceni Guerra,58,83,5422,69.88
139187,Edmilson Valentim,60,83,5422,72.29
139212,Francisco Rossi,55,83,5422,66.27
139285,Lídice da Mata,2567,3863,68299,66.45
139311,Moises Avelino,62,83,5422,74.7
141057,Cláudio Diaz,40,83,5422,48.19
141335,Beto Faro,2789,3702,80590,75.34
141336,Charles Lucena,30,83,5422,36.14
141344,Fernando Chucre,41,83,5422,49.4
141371,Dr. Adilson Soares,321,533,27905,60.23
141372,Aelton Freitas,1732,2976,70377,58.2
141373,Albano Franco,43,83,5422,51.81
141374,Alexandre Silveira,24,169,8947,14.2
141375,Aline Corrêa,168,533,27905,31.52
141376,Bel Mesquita,38,83,5422,45.78
141377,Ana Arraes,84,207,11690,40.58
141378,Andre Vargas,254,533,27905,47.65
141379,Andreia Zito,270,533,27905,50.66
141380,Angela Portela,53,83,5422,63.86
141381,Angelo Vanhoni,142,533,27905,26.64
141382,Tonha Magalhães,38,83,5422,45.78
141383,Antonio Bulhões,1029,1432,54800,71.86
141384,Valadares Filho,905,1432,54800,63.2
141385,Duarte Nogueira,357,1055,43417,33.84
141386,Eudes Xavier,297,533,27905,55.72
141387,Antônio Andrade,184,533,27905,34.52
141388,Antonio José Medeiros,37,83,5422,44.58
141389,Indio da Costa,374,747,24925,50.07
141390,Antônio Roberto,189,533,27905,35.46
141391,Arnaldo Jardim,2634,4768,104760,55.24
141392,Arnaldo Vianna,52,83,5422,62.65
141393,Bruno Rodrigues,43,83,5422,51.81
141394,Bruno Araújo,602,1432,54800,42.04
141395,Camilo Cola,247,533,27905,46.34
141396,Cândido Vaccarezza,245,533,27905,45.97
141397,Carlos Alberto Canuto,52,83,5422,62.65
141398,Carlos Zarattini,3388,5212,117677,65.0
141399,Brizola Neto,103,293,17124,35.15
141400,Vieira da Cunha,323,533,27905,60.6
141401,Carlos Bezerra,1663,3702,80590,44.92
141402,Carlos Brandão,252,533,27905,47.28
141403,Ratinho Junior,150,379,20649,39.58
141404,Cassio Taniguchi,60,83,5422,72.29
141405,Celso Maldaner,2656,3702,80590,71.75
141406,Ciro Gomes,4,83,5422,4.82
141407,Ciro Pedrosa,48,83,5422,57.83
141408,Cleber Verde,3340,5212,117677,64.08
141411,Dagoberto,3405,4762,95194,71.5
141412,Davi Alves Silva Júnior,421,742,33430,56.74
141413,Décio Lima,874,1432,54800,61.03
141416,Edgar Moury,58,83,5422,69.88
141417,Edio Lopes,2073,3702,80590,56.0
141418,Edson Aparecido,49,255,14381,19.22
141419,Edson Santos,279,533,27905,52.35
141420,Eduardo Amorim,37,83,5422,44.58
141421,Eduardo da Fonte,2951,5212,117677,56.62
141422,Efraim Filho,1590,3702,80590,42.95
141423,Eliene Lima,267,533,27905,50.09
141424,Elismar Prado,55,83,5422,66.27
141425,Ernandes Amorim,28,83,5422,33.73
141426,Eugênio Rabelo,55,83,5422,66.27
141427,Fábio Ramalho,2058,3702,80590,55.59
141428,Fábio Faria,852,2158,65013,39.48
141429,Felipe Maia,934,1432,54800,65.22
141430,Felipe Bornier,868,1432,54800,60.61
141431,Fernando Coelho Filho,2792,5212,117677,53.57
141432,Fernando Melo,37,83,5422,44.58
141433,Filipe Pereira,197,533,27905,36.96
141434,Flaviano Melo,2280,3702,80590,61.59
141435,Flávio Bezerra,63,83,5422,75.9
141436,Flávio Dino,42,83,5422,50.6
141438,Francisco Praciano,309,533,27905,57.97
141439,Chico D`Angelo,2422,5523,93147,43.85
141440,Chico Lopes,1030,1432,54800,71.93
141441,George Hilton,537,1119,44813,47.99
141442,Geraldo Pudim,51,83,5422,61.45
141443,Germano Bonow,42,83,5422,50.6
141445,Pepe Vargas,686,1278,47544,53.68
141446,Gladson Cameli,148,533,27905,27.77
141447,Guilherme Campos,356,533,27905,66.79
141448,Homero Pereira,166,293,17124,56.66
141450,Hugo Leal,3134,5212,117677,60.13
141451,Ilderlei Cordeiro,34,83,5422,40.96
141452,Léo Vivas,41,83,5422,49.4
141453,Íris de Araújo,276,533,27905,51.78
141454,Alfredo Kaefer,723,1432,54800,50.49
141455,Janete Rocha Pietá,360,533,27905,67.54
141456,Jilmar Tatto,1023,1803,54211,56.74
141457,João Bittar,253,533,27905,47.47
141458,João Carlos Bacelar,2163,5212,117677,41.5
141459,João Maia,2664,4313,90782,61.77
141460,João Oliveira,42,83,5422,50.6
141461,Joaquim Beltrão,149,293,17124,50.85
141462,Lira Maia,291,533,27905,54.6
141463,Abelardo Camarinha,193,533,27905,36.21
141464,José Airton Cirilo,3038,5422,129379,56.03
141465,Pinto Itamaraty,210,533,27905,39.4
141466,José Fernando Aparecido de Oliveira,25,83,5422,30.12
141467,Francisco Tenorio,170,406,21625,41.87
141468,Iran Barbosa,48,83,5422,57.83
141469,Miguel Martini,54,83,5422,65.06
141470,José Guimarães,3714,5212,117677,71.26
141471,José Paulo Tóffano,29,83,5422,34.94
141472,Ricardo Tripoli,811,1432,54800,56.63
141473,Roberto Santiago,372,533,27905,69.79
141474,Julião Amin,171,773,26792,22.12
141475,Jurandy Loureiro,61,83,5422,73.49
141478,Laerte Bessa,1172,2526,47894,46.4
141479,Laurez Moreira,188,293,17124,64.16
141480,Lázaro Botelho,1885,3463,95406,54.43
141481,Leandro Sampaio,24,83,5422,28.92
141482,Leonardo Quintão,824,1432,54800,57.54
141483,Lindomar Garçon,621,1106,38585,56.15
141484,Lúcio Vale,1017,1432,54800,71.02
141485,Luiz Carlos Busato,1327,2201,61546,60.29
141486,Luiz Carlos Setim,182,293,17124,62.12
141487,Luiz Fernando Faria,1622,2942,91887,55.13
141488,Paulo Teixeira,2541,3702,80590,68.64
141489,Luiz Paulo Vellozo Lucas,46,83,5422,55.42
141490,Manoel Junior,540,1055,43417,51.18
141491,Pastor Manoel Ferreira,3,83,5422,3.61
141492,Manuela DÁvila,226,657,34173,34.4
141493,Marcelo Serafim,48,83,5422,57.83
141494,Marcelo Melo,52,83,5422,62.65
141495,Marcelo Itagiba,48,83,5422,57.83
141496,Marcio Junqueira,122,323,16203,37.77
141497,Márcio França,176,409,21637,43.03
141498,Dr. Ubiali,319,533,27905,59.85
141499,Marcos Antonio,13,83,5422,15.66
141500,Marcos Montes,923,1432,54800,64.46
141501,Cida Diogo,59,83,5422,71.08
141502,Dalva Figueiredo,305,533,27905,57.22
141503,Jô Moraes,1026,1432,54800,71.65
141504,Lucenira Pimentel,54,83,5422,65.06
141505,Marina Maggessi,1,83,5422,1.2
141506,Maurício Trindade,136,379,20649,35.88
141507,Mauro Mariani,813,1432,54800,56.77
141508,Mauro Nazif,1954,2563,42914,76.24
141509,Miguel Corrêa,137,988,41883,13.87
141510,Neilton Mulim,174,293,17124,59.39
141511,Nelson Goetten,40,83,5422,48.19
141512,Neudo Campos,44,83,5422,53.01
141513,Bilac Pinto,2153,3492,68888,61.66
141514,Osmar Júnior,280,533,27905,52.53
141515,Otavio Leite,1349,2976,70377,45.33
141516,Paulo Abi-Ackel,2634,5212,117677,50.54
141517,Paulo Henrique Lustosa,185,1080,39107,17.13
141518,Paulo Pereira da Silva,1917,5545,129470,34.57
141519,Paulo Piau,139,293,17124,47.44
141521,Paulo Roberto Pereira,53,83,5422,63.86
141522,Sabino Castelo Branco,240,768,35297,31.25
141523,Raul Henry,2160,2803,53695,77.06
141524,Veloso,63,83,5422,75.9
141525,Rebecca Garcia,226,533,27905,42.4
141527,Renato Molling,866,1432,54800,60.47
141528,Renato Amary,42,83,5422,50.6
141529,Roberto Britto,1044,1432,54800,72.91
141530,Rodovalho,39,83,5422,46.99
141531,Rodrigo de Castro,3223,5212,117677,61.84
141532,Rodrigo Rocha Loures,67,318,12814,21.07
141533,Rodrigo Rollemberg,315,698,21307,45.13
141534,Rogerio Lisboa,19,83,5422,22.89
141535,Rogério Marinho,688,1192,44019,57.72
141536,Rômulo Gouveia,475,982,32317,48.37
141537,Moreira Mendes,248,533,27905,46.53
141538,Professor Ruy Pauletti,22,83,5422,26.51
141539,Sebastião Bala Rocha,269,533,27905,50.47
141540,Dr. Nechar,24,83,5422,28.92
141541,Sergio Petecão,50,83,5422,60.24
141542,Sérgio Moraes,775,1432,54800,54.12
141543,Professor Setimo,334,533,27905,62.66
141546,Solange Amaral,31,83,5422,37.35
141547,Solange Almeida,79,207,11690,38.16
141548,Sueli Vidigal,327,533,27905,61.35
141549,Suely,40,83,5422,48.19
141550,Dr. Talmir,51,83,5422,61.45
141551,Urzeni Rocha,118,323,16203,36.53
141552,Valtenir Pereira,1457,3309,79097,44.03
141553,Vanderlei Macris,2587,3702,80590,69.88
141554,Vicentinho Alves,35,83,5422,42.17
141555,Vinicius Carvalho,2786,4762,95194,58.5
141556,Vital do Rêgo Filho,45,83,5422,54.22
141557,Vitor Penido,232,533,27905,43.53
141558,Waldir Maranhão,694,1432,54800,48.46
141560,Walter Ihoshi,751,1223,49275,61.41
141561,Wandenkolk Gonçalves,226,533,27905,42.4
141562,Lelo Coimbra,903,1432,54800,63.06
141563,William Woo,188,605,20934,31.07
141870,Vilson Covatti,283,533,27905,53.1
143084,Tiago Dimas,2001,2885,41675,69.36
143253,Edigar Mão Branca,12,83,5422,14.46
143254,Acélio Casagrande,18,83,5422,21.69
143632,Domingos Neto,2163,4975,104999,43.48
143942,Caio Vianna,601,1510,37087,39.8
144523,Daniel Vilela,551,899,26895,61.29
145895,Gera Arruda,60,240,12690,25.0
146307,Neri Geller,1212,2394,32058,50.63
146613,Marcelo Almeida,139,323,16203,43.03
146788,Marcelo Aro,1717,3169,52685,54.18
146829,Fabiano Horta,203,522,15512,38.89
146949,Rosinha da Adefal,380,1036,39391,36.68
147975,Dr. Paulo César,311,533,27905,58.35
148134,Professor Victório Galli,618,985,32329,62.74
149327,Major Fábio,238,409,21637,58.19
150418,Márcio Marinho,3174,5212,117677,60.9
150634,Ricardo Quirino,37,124,6268,29.84
151208,Laercio Oliveira,2030,3619,75168,56.09
151965,José Maia Filho,487,1065,37739,45.73
152605,Glauber Braga,3686,5147,115617,71.61
152606,Capitão Assumção,62,83,5422,74.7
152607,Zé Vieira,83,533,27905,15.57
152608,Fernando Nascimento,58,83,5422,69.88
152609,Elizeu Aguiar,14,83,5422,16.87
152610,Roberto Alves,2450,3252,58107,75.34
152611,Antonio Carlos Chamariz,45,83,5422,54.22
152865,Rodrigo Bethlem,65,450,22483,14.44
153384,Emilia Fernandes,33,83,5422,39.76
153423,Renilce Nicodemos,692,1510,37087,45.83
154178,Milton Vieira,1309,2800,42043,46.75
154417,Paes de Lira,66,83,5422,79.52
154734,Fernando Chiarelli,59,83,5422,71.08
154739,José C Stangarlini,33,83,5422,39.76
154919,Eleuses Paiva,481,1119,33484,42.98
154996,Wilson Picler,42,83,5422,50.6
154997,Emiliano José,84,379,20649,22.16
156190,Marcel van Hattem,3001,3780,62877,79.39
156634,Bene Camacho,16,83,5422,19.28
157130,Túlio Gadêlha,2453,3780,62877,64.89
158328,Chico Daltro,27,83,5422,32.53
159058,Junior Marzola,5,83,5422,6.02
159237,Assis Carvalho,1228,2075,59591,59.18
159238,Marcus Pestana,1006,1349,49378,74.57
159258,Vicente Selistre,10,86,5434,11.63
160161,Marcelo Queiroz,771,1510,37087,51.06
160396,José Humberto,292,450,22483,64.89
160426,Rogério Rosso,517,899,26895,57.51
160508,Afonso Florence,2316,4940,103927,46.88
160509,Jorginho Mello,825,1349,49378,61.16
160510,Luis Tibé,2113,5129,112255,41.2
160511,Alessandro Molon,2321,3619,75168,64.13
160512,Aureo,3038,5917,142324,51.34
160513,Luciano Moreira,31,124,6268,25.0
160514,Dr. Grilo,261,450,22483,58.0
160515,Ronaldo Benedet,994,1349,49378,73.68
160516,Raimundão,79,210,11702,37.62
160517,Paulo Foletto,1945,4912,126795,39.6
160518,Weliton Prado,3665,5129,112255,71.46
160519,Júlio Campos,242,450,22483,53.78
160527,Aguinaldo Ribeiro,2457,4889,99565,50.26
160528,Danilo Cabral,1930,3341,61644,57.77
160529,Dr. Aluizio,147,210,11702,70.0
160530,Antonio Imbassahy,747,1349,49378,55.37
160531,Jhonatan de Jesus,2235,3619,75168,61.76
160532,Eli Correa Filho,2195,3859,87858,56.88
160533,Liliam Sá,245,450,22483,54.44
160534,Lauriete,2153,2720,48273,79.15
160535,Marcon,3437,5129,112255,67.01
160536,Marco Tebaldi,700,1349,49378,51.89
160537,Gabriel Chalita,189,450,22483,42.0
160538,Bohn Gass,3530,5129,112255,68.82
160539,Anthony Garotinho,299,450,22483,66.44
160540,Otoniel Lima,313,450,22483,69.56
160541,Arthur Lira,2108,5129,112255,41.1
160542,Márcio Macêdo,500,1036,28062,48.26
160543,Andre Moura,600,1349,49378,44.48
160544,Junji Abe,408,592,26474,68.92
160545,Alexandre Leite,2740,5129,112255,53.42
160546,Armando Vergílio,224,450,22483,49.78
160547,Luiz Argôlo,166,450,22483,36.89
160548,Jonas Donizette,1090,1720,48789,63.37
160549,João Paulo Lima,283,450,22483,62.89
160550,Luiz Pitiman,260,450,22483,57.78
160551,Anderson Ferreira,489,972,37995,50.31
160552,Danrlei De Deus Hinterholz,2086,5253,118523,39.71
160553,Antonio Brito,2756,5129,112255,53.73
160554,Berinho Bantim,138,450,22483,30.67
160555,Lourival Mendes,271,450,22483,60.22
160556,Padre João,3668,5129,112255,71.51
160557,Cláudio Puty,273,450,22483,60.67
160558,Paulo Freire,3361,5775,134035,58.2
160559,Alceu Moreira,3415,5129,112255,66.58
160560,José De Filippi,109,210,11702,51.9
160561,Missionário José Olimpio,1154,1964,65263,58.76
160562,Giroto,130,364,18958,35.71
160563,Onofre Santo Agostini,343,450,22483,76.22
160564,Nilda Gondim,267,450,22483,59.33
160565,Mara Gabrilli,669,1349,49378,49.59
160566,Nelson Padovani,482,1036,39391,46.53
160567,Nelson Marchezan Junior,590,972,37995,60.7
160568,Rogério Carvalho,186,450,22483,41.33
160569,Waldenor Pereira,3222,5129,112255,62.82
160570,Jerônimo Goergen,2121,3619,75168,58.61
160571,João Rodrigues,593,1109,36688,53.47
160572,Jorge Côrte Real,963,1349,49378,71.39
160573,João Arruda,846,1349,49378,62.71
160574,João Ananias,273,450,22483,60.67
160575,Erika Kokay,3938,5129,112255,76.78
160576,César Halum,653,1349,49378,48.41
160577,Adrian,135,450,22483,30.0
160578,Edmar Arruda,654,1349,49378,48.48
160579,Alexandre Roso,216,450,22483,48.0
160580,Cida Borghetti,237,450,22483,52.67
160581,Assis Melo,441,685,29875,64.38
160582,Alberto Filho,783,1349,49378,58.04
160584,Carlinhos Almeida,123,210,11702,58.57
160585,Carlaile Pedrosa,136,210,11702,64.76
160586,William Dib,274,450,22483,60.89
160587,Fábio Trad,2288,2862,52264,79.94
160588,Diego Andrade,2351,5129,112255,45.84
160589,Bruna Furlan,1797,3619,75168,49.65
160590,Hélio Santos,310,450,22483,68.89
160591,Vinicius Gurgel,2115,5129,112255,41.24
160592,Zeca Dirceu,3094,5129,112255,60.32
160593,Paulo Wagner,264,450,22483,58.67
160594,Ronaldo Zulke,239,450,22483,53.11
160595,Vaz de Lima,266,450,22483,59.11
160596,Heuler Cruvinel,772,1349,49378,57.23
160597,Romário,229,450,22483,50.89
160598,Flávia Morais,3112,5129,112255,60.67
160599,Dimas Fabiano,3462,5129,112255,67.5
160600,Arthur Oliveira Maia,2692,5129,112255,52.49
160601,Pastor Marco Feliciano,3565,5493,131213,64.9
160602,Arnaldo Jordy,833,1349,49378,61.75
160603,Amauri Teixeira,331,450,22483,73.56
160604,Pedro Uczai,3355,5129,112255,65.41
160605,Carlos Magno,202,450,22483,44.89
160606,Delegado Protógenes,164,450,22483,36.44
160607,Jose Stédile,1052,1349,49378,77.98
160608,Teresa Surita,73,210,11702,34.76
160609,Walter Tosta,158,450,22483,35.11
160610,Valmir Assunção,3568,5129,112255,69.57
160611,Toninho Pinheiro,947,1349,49378,70.2
160612,Sergio Zveiter,421,1349,49378,31.21
160613,Sibá Machado,650,1114,41986,58.35
160614,Rosane Ferreira,305,450,22483,67.78
160615,Reinaldo Azambuja,260,450,22483,57.78
160616,Edivaldo Holanda Junior,71,210,11702,33.81
160617,Thiago Peixoto,507,1349,49378,37.58
160618,Edson Pimenta,251,450,22483,55.78
160619,José Nunes,2275,3619,75168,62.86
160620,Washington Reis,553,972,37995,56.89
160621,Sandro Alex,1360,2382,65788,57.09
160622,Vicente Candido,600,1349,49378,44.48
160623,Renan Filho,214,450,22483,47.56
160624,Celia Rocha,103,210,11702,49.05
160625,Zoinho,307,450,22483,68.22
160626,Almeida Lima,224,450,22483,49.78
160627,Stepan Nercessian,233,450,22483,51.78
160628,Luciana Santos,724,1349,49378,53.67
160629,Romero Rodrigues,1081,1720,48789,62.85
160630,Ságuas Moraes,830,1263,43944,65.72
160631,Walney Rocha,956,1349,49378,70.87
160632,Zé Silva,3212,4975,104999,64.56
160633,Mandetta,893,1349,49378,66.2
160634,Chico das Verduras,197,364,17049,54.12
160635,Ruy Carneiro,2203,4230,85360,52.08
160636,Wilson Filho,774,1349,49378,57.38
160637,Ronaldo Fonseca,886,1349,49378,65.68
160638,Ângelo Agnolin,272,450,22483,60.44
160639,Professora Dorinha Seabra Rezende,2293,3619,75168,63.36
160640,Eros Biondini,3342,5129,112255,65.16
160641,Professora Marcivania,2682,3908,74838,68.63
160642,Pastor Eurico,3528,5129,112255,68.79
160643,Dr. Jorge Silva,1043,1349,49378,77.32
160644,Miriquinho Batista,291,450,22483,64.67
160645,Luiz Carlos,1173,2720,48273,43.12
160646,Delegado Francischini,676,1559,61080,43.36
160647,Eduardo Azeredo,187,450,22483,41.56
160648,Júnior Coimbra,285,450,22483,63.33
160649,Esperidião Amin,1079,1349,49378,79.99
160650,Oziel Oliveira,278,450,22483,61.78
160651,Rogério Peninha Mendonça,2528,3619,75168,69.85
160652,Roberto Teixeira,249,659,28008,37.78
160653,Roberto de Lucena,2152,3619,75168,59.46
160654,Renzo Braz,762,1349,49378,56.49
160655,Ricardo Izar,2146,3619,75168,59.3
160656,Raul Lima,166,450,22483,36.89
160657,Newton Lima,275,450,22483,61.11
160658,Paulo Tadeu,13,86,5434,15.12
160659,Keiko Ota,924,1349,49378,68.5
160660,Marcelo Aguiar,790,1349,49378,58.56
160661,José Augusto Maia,228,450,22483,50.67
160662,Luiz Fernando Machado,199,450,22483,44.22
160663,Leopoldo Meyer,1069,1349,49378,79.24
160664,Cesar Colnago,277,450,22483,61.56
160665,Augusto Coutinho,3288,5129,112255,64.11
160666,Félix Mendonça Júnior,3593,5129,112255,70.05
160667,Guilherme Mussi,1618,3619,75168,44.71
160668,Paulo Cesar Quartiero,277,450,22483,61.56
160669,Genecias Noronha,1884,3619,75168,52.06
160670,Padre Ton,289,450,22483,64.22
160671,Jesus Rodrigues,332,450,22483,73.78
160672,Jean Wyllys,903,1349,49378,66.94
160673,Giovani Cherini,3520,5129,112255,68.63
160674,Hugo Motta,2542,5129,112255,49.56
160675,Jânio Natal,171,450,22483,38.0
160676,Fernando Torres,519,1349,49378,38.47
160677,Francisco Floriano,758,1349,49378,56.19
160678,Artur Bruno,271,450,22483,60.22
160679,Taumaturgo Lima,234,450,22483,52.0
160680,Audifax,131,210,11702,62.38
160758,Domingos Sávio,3249,5129,112255,63.35
160974,Hugo Napoleão,269,450,22483,59.78
160976,Tiririca,3643,5129,112255,71.03
161440,Pezenti,977,1510,37087,64.7
161550,Emidinho Madeira,2192,3780,62877,57.99
161903,Roberto Dorner,130,364,17049,35.71
161904,Dudimar Paxiuba,239,450,22483,53.11
161905,André Dias,19,124,6268,15.32
161906,Luiz Otavio,56,210,9793,26.67
161907,Acelino Popó,180,450,22483,40.0
161962,Luiz Noé,126,210,11702,60.0
162067,Kiko Celeguim,907,1510,37087,60.07
162174,Policarpo,301,450,22483,66.89
162175,Eliane Rolim,77,210,11702,36.67
162332,Luiz Nishimori,3310,5129,112255,64.53
162490,Valdivino de Oliveira,205,450,22483,45.56
163321,Ronaldo Nogueira,1334,2859,86465,46.66
163322,Vilalba,246,450,22483,54.67
163831,Fernando Jordão,523,972,37995,53.81
164359,Delegado Waldir,2289,3293,58953,69.51
164360,Carmen Zanotto,2839,4514,96370,62.89
164361,Marina Santanna,171,364,18958,46.98
165429,Gean Loureiro,33,124,6268,26.61
165470,Rodrigo Valadares,924,1510,37087,61.19
165583,Carlos Roberto,82,364,17049,22.53
165675,Francisco Araújo,112,210,11702,53.33
166401,Nilson Leitão,900,1349,49378,66.72
166402,Magda Mofatto,3208,5129,112255,62.55
166727,Dra.Elaine Abissamra,32,124,6268,25.81
167493,Weverton Rocha,566,1349,49378,41.96
167614,Severino Ninho,478,1036,39391,46.14
167617,Vanderlei Siraque,218,450,22483,48.44
167707,Romanna Remor,27,210,11702,12.86
167722,Marcos Rogério,892,1349,49378,66.12
168034,Cabo Juliano Rabelo,16,210,11702,7.62
168175,Simplício Araújo,150,659,24935,22.76
168447,Mário Feitoza,157,326,16215,48.16
169553,Ricardo Archer,16,86,5434,18.6
169711,Telma Pinheiro,5,86,5434,5.81
169712,Alexandre Toledo,146,240,10781,60.83
169868,Valry Morais,12,86,5434,13.95
170489,Dr. Dilson Drumond,3,86,5434,3.49
170673,Professor Sérgio de Oliveira,182,535,21740,34.02
171139,Loreny,44,448,10371,9.82
171617,Paulão,3468,4919,100553,70.5
171618,Luiz de Deus,170,240,10781,70.83
171619,Margarida Salomão,1239,1865,47889,66.43
171620,Renato Andrade,380,617,22164,61.59
171621,Eurico Júnior,142,240,10781,59.17
171622,Manuel Rosa Neca,171,240,10781,71.25
171623,Fabio Reis,2840,4919,100553,57.74
171782,Eron Bezerra,17,142,3991,11.97
171786,Miguel Ângelo,841,1510,37087,55.7
172029,Francisco Chagas,138,240,10781,57.5
172711,Plínio Valério,101,154,7256,65.58
172945,Ricardo Arruda,61,154,7256,39.61
173262,Ilário Marques,56,154,7256,36.36
173269,Akira Otsubo,147,240,10781,61.25
173802,Goiaciara Cruz,49,154,7256,31.82
174314,Pedro Guerra,19,154,7256,12.34
174861,Amir Lando,54,240,10781,22.5
175212,Renato Simões,81,240,10781,33.75
175737,Helcio Silva,67,240,10781,27.92
175765,Ribamar Silva,386,1063,26256,36.31
176120,Gustavo Petta,56,86,3525,65.12
176794,Maria Lucia Prandi,35,86,3525,40.7
177118,Dudu Luiz Eduardo,25,86,3525,29.07
177282,Subtenente Gonzaga,2310,3255,56210,70.97
178387,Francisco de Assis,6,86,3525,6.98
178802,Luiz Carlos Ramos,721,899,26895,80.2
178825,Leo de Brito,1977,2836,43965,69.71
178826,Major Olimpio,719,899,26895,79.98
178827,Max Filho,374,522,15512,71.65
178828,Evandro Gussi,484,899,26895,53.84
178829,Capitão Augusto,3465,4679,89772,74.05
178830,Dr. Sinval Malheiros,673,1292,28388,52.09
178831,André Abdon,2357,3784,68570,62.29
178832,Leandre,2073,3616,63516,57.33
178833,Alexandre Serfiotis,1258,1625,37108,77.42
178834,Bebeto,576,899,26895,64.07
178835,Afonso Motta,3422,4679,89772,73.14
178836,Alan Rick,2361,3169,52685,74.5
178837,Angelim,738,899,26895,82.09
178838,César Messias,564,899,26895,62.74
178839,Jéssica Sales,1746,3169,52685,55.1
178840,Rocha,626,899,26895,69.63
178841,Cícero Almeida,587,899,26895,65.29
178842,JHC,977,2018,38601,48.41
178843,Marx Beltrão,2578,4679,89772,55.1
178844,Pedro Vilela,1719,2443,42472,70.36
178845,Ronaldo Lessa,592,899,26895,65.85
178846,Alfredo Nascimento,621,899,26895,69.08
178847,Arthur Virgílio Bisneto,419,899,26895,46.61
178848,Conceição Sampaio,761,899,26895,84.65
178849,Hissa Abrahão,466,899,26895,51.84
178850,Marcos Rotta,429,522,15512,82.18
178851,Jozi  Araújo,402,1212,36882,33.17
178852,Marcos Reategui,584,899,26895,64.96
178853,Caetano,645,899,26895,71.75
178854,Elmar Nascimento,1824,4679,89772,38.98
178855,Irmão Lazaro,465,899,26895,51.72
178856,João Gualberto,540,899,26895,60.07
178857,Jorge Solla,2959,4679,89772,63.24
178858,Mário Negromonte Jr,3027,5227,107151,57.91
178859,Moema Gramacho,426,522,15512,81.61
178860,Paulo Azi,2703,4679,89772,57.77
178861,Ronaldo Carletto,2289,3169,52685,72.23
178862,Tia Eron,1100,2443,42472,45.03
178863,Uldurico Junior,2042,3169,52685,64.44
178864,Adail Carneiro,501,899,26895,55.73
178865,Cabo Sabino,608,899,26895,67.63
178866,Luizianne Lins,2645,4679,89772,56.53
178867,Macedo,495,899,26895,55.06
178868,Odorico Monteiro,770,1857,36893,41.46
178869,Vitor Valim,683,899,26895,75.97
178870,Rôney Nemer,672,899,26895,74.75
178871,Evair Vieira de Melo,3341,4679,89772,71.4
178872,Givaldo Vieira,670,899,26895,74.53
178873,Helder Salomão,3601,4679,89772,76.96
178874,Sergio Vidigal,1119,1625,37108,68.86
178875,Alexandre Baldy,434,757,22904,57.33
178876,Célio Silveira,3113,4679,89772,66.53
178877,Fábio Sousa,683,899,26895,75.97
178878,Giuseppe Vecci,638,899,26895,70.97
178879,Lucas Vergilio,1710,3169,52685,53.96
178880,Marcos Abrão,709,899,26895,78.87
178881,Aluisio Mendes,3007,4679,89772,64.27
178882,André Fufuca,1289,4064,73887,31.72
178883,Eliziane Gama,621,899,26895,69.08
178884,Hildo Rocha,2896,4232,78941,68.43
178885,Junior Marreca,480,899,26895,53.39
178886,Juscelino Filho,2223,3784,68570,58.75
178887,Rubens Pereira Júnior,2569,4679,89772,54.9
178888,Victor Mendes,799,1485,32474,53.8
178889,Zé Carlos,2342,3169,52685,73.9
178890,Adelmo Carneiro Leão,719,899,26895,79.98
178891,Caio Narcio,536,899,26895,59.62
178892,Dâmina Pereira,699,899,26895,77.75
178893,Delegado Edson Moreira,781,899,26895,86.87
178894,Laudivio Carvalho,755,899,26895,83.98
178895,Misael Varella,2763,4679,89772,59.05
178896,Newton Cardoso Jr,2235,4679,89772,47.77
178897,Rodrigo Pacheco,507,899,26895,56.4
178898,Tenente Lúcio,807,899,26895,89.77
178900,Carlos Marun,460,757,22904,60.77
178901,Tereza Cristina,990,1818,41194,54.46
178902,Zeca do Pt,661,899,26895,73.53
178903,Adilton Sachetti,571,899,26895,63.52
178904,Ezequiel Fonseca,586,899,26895,65.18
178905,Fabio Garcia,669,1896,51551,35.28
178906,Beto Salame,523,899,26895,58.18
178907,Francisco Chapadinha,639,899,26895,71.08
178908,Delegado Éder Mauro,2913,4679,89772,62.26
178909,Hélio Leite,2534,4064,73887,62.35
178910,Joaquim Passarinho,3640,4679,89772,77.79
178911,Simone Morgado,526,899,26895,58.51
178912,Pedro Cunha Lima,1921,3169,52685,60.62
178913,Veneziano Vital do Rêgo,574,899,26895,63.85
178914,Adalberto Cavalcanti,522,899,26895,58.06
178915,Betinho Gomes,739,899,26895,82.2
178916,Daniel Coelho,2337,3169,52685,73.75
178917,João Fernando Coutinho,609,899,26895,67.74
178918,Kaio Maniçoba,520,899,26895,57.84
178919,Marinaldo Rosendo,474,899,26895,52.73
178920,Ricardo Teobaldo,1857,3169,52685,58.6
178921,Sebastião Oliveira,1361,2960,47160,45.98
178922,Tadeu Alencar,2142,3169,52685,67.59
178923,Zeca Cavalcanti,683,899,26895,75.97
178924,Capitão Fábio Abreu,1474,2725,39768,54.09
178925,Rejane Dias,1793,2725,39768,65.8
178926,Rodrigo Martins,671,899,26895,74.64
178927,Aliel Machado,2351,4679,89772,50.25
178928,Christiane de Souza Yared,2591,3169,52685,81.76
178929,Diego Garcia,3379,4679,89772,72.22
178930,Evandro Roman,1882,3546,64068,53.07
178931,Luciano Ducci,3079,4679,89772,65.8
178932,Marcelo Belinati,405,522,15512,77.59
178933,Sergio Souza,3151,4679,89772,67.34
178934,Toninho Wandscheer,3254,4679,89772,69.54
178935,Rossoni,829,2208,35080,37.55
178936,Alexandre Valle,604,899,26895,67.19
178937,Altineu Côrtes,1989,4679,89772,42.51
178938,Cabo Daciolo,659,899,26895,73.3
178939,Clarissa Garotinho,1819,2934,45293,62.0
178940,Dr. João,392,522,15512,75.1
178941,Ezequiel Teixeira,549,899,26895,61.07
178942,Marco Antônio Cabral,207,899,26895,23.03
178943,Marcos Soares,1529,3953,79559,38.68
178944,Roberto Sales,496,899,26895,55.17
178945,Rosangela Gomes,2216,4679,89772,47.36
178946,Soraya Santos,2704,4679,89772,57.79
178947,Sóstenes Cavalcante,2418,4679,89772,51.68
178948,Beto Rosado,1643,3169,52685,51.85
178949,Zenaide Maia,718,899,26895,79.87
178950,Antônio Jácome,552,899,26895,61.4
178951,Rafael Motta,1915,3169,52685,60.43
178952,Walter Alves,1978,3169,52685,62.42
178953,Expedito Netto,2349,3169,52685,74.12
178954,Lucio Mosquini,2409,4679,89772,51.49
178955,Luiz Cláudio,709,899,26895,78.87
178956,Mariana Carvalho,2045,3169,52685,64.53
178957,Abel Mesquita Jr.,602,899,26895,66.96
178958,Carlos Andrade,633,899,26895,70.41
178959,Hiran Gonçalves,2050,3169,52685,64.69
178960,Remídio Monai,575,899,26895,63.96
178961,Shéridan,1921,3169,52685,60.62
178962,Carlos Gomes,2714,4679,89772,58.0
178963,Covatti Filho,2512,3953,79559,63.55
178964,Heitor Schuch,2651,4679,89772,56.66
178965,João Derly,641,899,26895,71.3
178966,Geovania de Sá,3025,4679,89772,64.65
178967,João Paulo Kleinübing,323,899,26895,35.93
178968,Adelson Barreto,703,899,26895,78.2
178969,Fábio Mitidieri,1736,3169,52685,54.78
178970,João Daniel,3172,4679,89772,67.79
178971,Jony Marcos,494,899,26895,54.95
178972,Alex Manente,2379,4679,89772,50.84
178973,Ana Perugini,597,899,26895,66.41
178974,Andres Sanchez,645,899,26895,71.75
178975,Baleia Rossi,2484,4679,89772,53.09
178976,Bruno Covas,413,522,15512,79.12
178977,Eduardo Cury,2355,3169,52685,74.31
178978,Flavinho,793,899,26895,88.21
178979,Floriano Pesaro,112,455,13978,24.62
178980,Goulart,694,899,26895,77.2
178981,Herculano Passos,2499,3169,52685,78.86
178982,Luiz Lauro Filho,723,1292,28388,55.96
178983,Marcio Alvino,3607,4679,89772,77.09
178984,Miguel Haddad,988,3169,52685,31.18
178985,Miguel Lombardi,3496,4679,89772,74.72
178986,Nilto Tatto,3472,4679,89772,74.2
178987,Orlando Silva,3082,4679,89772,65.87
178988,João Paulo Papa,739,899,26895,82.2
178989,Renata Abreu,2436,4679,89772,52.06
178990,Samuel Moreira,2371,2934,45293,80.81
178991,Sérgio Reis,476,899,26895,52.95
178992,Vitor Lippi,3208,4679,89772,68.56
178993,Carlos Henrique Gaguim,3521,4679,89772,75.25
178994,Dulce Miranda,2279,3169,52685,71.92
178995,Roberto Góes,386,899,26895,42.94
178996,Giovani Feltes,1844,2725,39768,67.67
178997,Moses Rodrigues,2518,4679,89772,53.81
178998,Raquel Muniz,607,899,26895,67.52
178999,Brunny,384,899,26895,42.71
179000,Marcelo Álvaro Antônio,2325,4679,89772,49.69
179001,Márcio Biolchi,2535,4235,76855,59.86
179587,Major Vitor Hugo,1587,2270,25790,69.91
180214,Pastor Diniz,889,1510,37087,58.87
180545,Osmar Bertoldi,249,899,26895,27.7
181315,Marquinho Mendes,322,522,15512,61.69
181316,Elizeu Dionizio,444,899,26895,49.39
182146,Wolmer Araújo,68,895,21202,7.6
185500,Deoclides Macedo,164,690,21370,23.77
186775,Franklin,562,899,26895,62.51
187008,Silas Freire,587,899,26895,65.29
188097,Merlong Solano,2510,4093,72864,61.32
189593,Wadih Damous,508,899,26895,56.51
190149,Fabricio Oliveira,87,313,9987,27.8
191684,Rosângela Curado,60,313,9987,19.17
191923,Flavio Nogueira,2989,4511,83914,66.26
191945,Zé Augusto Nalin,430,1857,36893,23.16
192120,Angela Albino,171,522,15512,32.76
193066,Wilson Beserra,177,757,22904,23.38
193069,Nelson Nahim,1,313,9987,0.32
193165,Átila  A. Nunes,10,209,5525,4.78
193726,Paulo Martins,1875,2479,31315,75.64
193982,Pastor Luciano Braga,215,586,16908,36.69
194258,Creuza Pereira,197,586,16908,33.62
194259,Guilherme Coelho,172,444,12917,38.74
194260,Nivaldo Albuquerque,1707,2856,42698,59.77
194261,Cajar Nardes,399,586,16908,68.09
194262,Jones Martins,342,586,16908,58.36
194340,Val Amélio,45,209,5525,21.53
194592,Ildon Marques,39,209,5525,18.66
195143,André Amaral,285,586,16908,48.63
195278,Moisés Diniz,203,586,16908,34.64
195581,Ricardo Bentinho,69,209,5525,33.01
195826,Marcelo Delaroli,256,377,11383,67.9
195866,Vaidon Oliveira,1543,2647,37173,58.29
195997,Pollyana Gama,213,586,16908,36.35
196357,Dejorge Patrício,172,377,11383,45.62
196358,Lourival Gomes,1735,2505,33182,69.26
196359,Adérmis Marini,77,235,7392,32.77
196378,Izaque Silva,202,235,7392,85.96
197438,Tito,1735,2270,25790,76.43
198197,Greyce Elias,2205,3780,62877,58.33
198198,Luzia Ferreira,62,235,7392,26.38
198783,Emanuel Pinheiro Neto,2150,3780,62877,56.88
198963,Rogério Silva,64,235,7392,27.23
199809,Xuxu Dal Molin,42,377,11383,11.14
200153,Prof. Gedeão Amorim,106,142,3991,74.65
202063,Osvaldo Mafra,63,142,3991,44.37
202915,Euricelia Cardoso,24,142,3991,16.9
204011,Professor Pacco,16,142,3991,11.27
204351,Dr. Luiz Ovando,2623,3780,62877,69.39
204352,Camilo Capiberibe,1721,2270,25790,75.81
204353,Aline Gurgel,1353,2820,39615,47.98
204354,Flávia Arruda,814,2270,25790,35.86
204355,Da Vitória,2747,5131,74368,53.54
204356,Amaro Neto,2878,3780,62877,76.14
204357,Rose Modesto,1615,2270,25790,71.15
204358,Beto Pereira,2296,3780,62877,60.74
204359,Léo Moraes,1838,2270,25790,80.97
204360,Silvia Cristina,2774,3780,62877,73.39
204361,Carlos Chiodini,1633,3780,62877,43.2
204362,Ricardo Guidi,2272,3780,62877,60.11
204363,Osires Damaso,1606,2270,25790,70.75
204364,Eli Borges,2240,3780,62877,59.26
204365,Gilson Marques,3182,3780,62877,84.18
204366,Rodrigo Coelho,1838,2270,25790,80.97
204367,Daniel Freitas,2834,3780,62877,74.97
204368,Fabio Schiochet,2646,3780,62877,70.0
204369,Caroline de Toni,2975,3780,62877,78.7
204370,Célio Moura,1737,2270,25790,76.52
204371,Felipe Rigoni,1649,2270,25790,72.64
204372,Julio Cesar Ribeiro,2510,3780,62877,66.4
204373,Hélio Costa,1807,2270,25790,79.6
204374,Bia Kicis,2930,3780,62877,77.51
204375,Leda Sadala,1328,2270,25790,58.5
204376,Coronel Armando,1867,2820,39615,66.21
204377,Paula Belmonte,1733,2270,25790,76.34
204378,Coronel Chrisóstomo,2721,3780,62877,71.98
204379,Acácio Favacho,2256,3780,62877,59.68
204380,Celina Leão,1000,2270,25790,44.05
204381,Luis Miranda,1751,2270,25790,77.14
204382,Loester Trutis,1617,2270,25790,71.23
204383,Professor Israel Batista,1809,2270,25790,79.69
204384,Ney Leprevost,345,979,7072,35.24
204385,Valdevan Noventa,1305,2270,25790,57.49
204386,Jose Mario Schreiner,1841,2270,25790,81.1
204387,Sargento Fahur,2981,3780,62877,78.86
204388,Bibo Nunes,2868,3780,62877,75.87
204389,Elias Vaz,1760,2270,25790,77.53
204390,Professor Alcides,2481,3780,62877,65.63
204391,José Nelto,1757,3780,62877,46.48
204392,Francisco Jr.,1742,2270,25790,76.74
204393,Frei Anastacio Ribeiro,1756,2270,25790,77.36
204394,Gervásio Maia,2966,3780,62877,78.47
204395,Pedro Lupion,2253,3780,62877,59.6
204396,Vermelho,1936,3780,62877,51.22
204397,Boca Aberta,744,1684,20211,44.18
204398,Felipe Francischini,2766,3780,62877,73.17
204399,Schiavinato,673,1684,20211,39.96
204400,Aline Sleutjes,1721,2270,25790,75.81
204403,Marlon Santos,1278,2270,25790,56.3
204404,Lucas Redecker,3066,3780,62877,81.11
204405,Liziane Bayer,1825,2270,25790,80.4
204406,Pedro Westphalen,2536,3780,62877,67.09
204407,Fernanda Melchionna,2673,3780,62877,70.71
204408,Gustinho Ribeiro,2492,3780,62877,65.93
204409,Daniel Trzeciak,2648,3780,62877,70.05
204410,Luisa Canziani,1650,3780,62877,43.65
204411,Filipe Barros,2269,3780,62877,60.03
204412,Dr. Zacharias Calil,2802,3780,62877,74.13
204413,Alcides Rodrigues,1587,2270,25790,69.91
204414,Aroldo Martins,1635,2270,25790,72.03
204415,Nereu Crispim,1742,2270,25790,76.74
204416,Sanderson,2686,3780,62877,71.06
204418,Luizão Goulart,1809,2270,25790,79.69
204419,Glaustin da Fokus,2203,3780,62877,58.28
204420,Julian Lemos,1623,2270,25790,71.5
204421,Edna Henrique,1273,2270,25790,56.08
204422,Ossesio Silva,2737,3780,62877,72.41
204423,André Ferreira,1833,3780,62877,48.49
204425,Silvio Costa Filho,1631,2717,36621,60.03
204426,Carlos Veras,2717,3780,62877,71.88
204427,Fernando Rodolfo,2342,3780,62877,61.96
204428,Marília Arraes,1481,2270,25790,65.24
204429,João H. Campos,515,726,10213,70.94
204430,Margarete Coelho,1418,2270,25790,62.47
204431,Marcos Aurélio Sampaio,2421,3780,62877,64.05
204432,Marina Santos,1809,2270,25790,79.69
204433,Marcelo Calero,1050,3165,46992,33.18
204434,Dra. Vanda Milani,1578,2270,25790,69.52
204435,Jesus Sérgio,1624,2270,25790,71.54
204436,Isnaldo Bulhões Jr.,1372,3780,62877,36.3
204437,Severino Pessoa,1299,2270,25790,57.22
204438,Sergio Toledo,1449,2270,25790,63.83
204439,Dr. Leonardo,1620,2270,25790,71.37
204440,Christino Aureo,1729,2270,25790,76.17
204441,Otoni de Paula,2041,3780,62877,53.99
204442,Gurgel,1772,2270,25790,78.06
204444,Helio Lopes,2473,3780,62877,65.42
204445,Fernando Mineiro,887,1510,37087,58.74
204446,Professor Joziel,1640,2270,25790,72.25
204447,Flordelis,915,1684,20211,54.33
204448,Luiz Antônio Corrêa,2061,4683,63997,44.01
204449,Nelson Barbudo,1956,3333,52046,58.69
204450,Doutor Luizinho,1678,3780,62877,44.39
204451,Delegado Antônio Furtado,1824,2270,25790,80.35
204452,Márcio Labre,1762,2270,25790,77.62
204453,Natália Bonavides,2586,3780,62877,68.41
204454,Daniel Silveira,1392,2270,25790,61.32
204455,Luiz Lima,2973,3780,62877,78.65
204456,Gutemberg Reis,2520,3780,62877,66.67
204457,Juninho do Pneu,2421,3780,62877,64.05
204458,Major Fabiana,1655,2270,25790,72.91
204459,Daniela do Waguinho,2532,3780,62877,66.98
204460,Carlos Jordy,2866,3780,62877,75.82
204461,Paulo Ganime,1906,2270,25790,83.96
204462,Chris Tonietto,2664,3780,62877,70.48
204463,Wladimir Garotinho,459,726,10213,63.22
204464,Talíria Petrone,1891,3780,62877,50.03
204465,Haroldo Cathedral,1401,2270,25790,61.72
204466,Tereza Nelma,1383,2270,25790,60.93
204467,Professora Rosa Neide,1763,2270,25790,77.67
204468,Joenia Wapichana,1826,2270,25790,80.44
204469,Manuel Marcos,484,726,10213,66.67
204471,Mara Rocha,1817,2270,25790,80.04
204472,José Medeiros,2570,3780,62877,67.99
204473,General Girão,2614,3780,62877,69.15
204474,Juarez Costa,2421,3780,62877,64.05
204475,Ottaci Nascimento,1341,2270,25790,59.07
204476,Chiquinho Brazão,1938,3165,46992,61.23
204477,Felício Laterça,1836,2270,25790,80.88
204478,Vinicius Farah,948,2270,25790,41.76
204479,Nicoletti,2689,3780,62877,71.14
204480,Rogério Correia,2671,3780,62877,70.66
204481,Dr. Jaziel,2339,3780,62877,61.88
204482,Euclydes Pettersen,1836,3780,62877,48.57
204483,Vilson da Fetaemg,1802,2270,25790,79.38
204484,General Peternelli,1938,2270,25790,85.37
204485,Luiz Carlos Motta,2631,3780,62877,69.6
204486,Mauro Benevides Filho,2032,3780,62877,53.76
204487,Capitão Wagner,1384,2270,25790,60.97
204488,Célio Studart,2315,3780,62877,61.24
204489,Robério Monteiro,2125,3780,62877,56.22
204490,Charlles Evangelista,1657,2270,25790,73.0
204491,Gilberto Abramo,2488,3780,62877,65.82
204492,Paulo Guedes,2712,3780,62877,71.75
204494,Fred Costa,1620,3780,62877,42.86
204495,Airton Faleiro,2488,3780,62877,65.82
204496,Celso Sabino,1461,3780,62877,38.65
204497,Júnior Ferrari,2640,3780,62877,69.84
204498,Olival Marques,2561,3780,62877,67.75
204499,Cássio Andrade,1156,2270,25790,50.93
204500,Eduardo Costa,1530,2270,25790,67.4
204501,Alencar Santana,2567,3780,62877,67.91
204502,Bozzella,1716,2270,25790,75.59
204503,Alexandre Padilha,1666,2270,25790,73.39
204504,Cezinha de Madureira,2509,3780,62877,66.38
204505,Vavá Martins,1487,2270,25790,65.51
204506,Marcos Pereira,2049,3780,62877,54.21
204507,Carla Zambelli,2288,3715,60817,61.59
204508,Igor Timo,2120,3780,62877,56.08
204509,Áurea Carolina,1230,2270,25790,54.19
204510,Franco Cartafina,1612,2270,25790,71.01
204511,David Soares,1905,3780,62877,50.4
204512,Delegado Marcelo Freitas,2988,3780,62877,79.05
204513,Guiga Peixoto,1925,2270,25790,84.8
204514,Coronel Tadeu,1724,2820,39615,61.13
204515,André Janones,2632,3780,62877,69.63
204516,Alexis Fonteyne,1874,2270,25790,82.56
204517,Zé Vitor,1824,3780,62877,48.25
204518,Dr. Frederico,2201,3780,62877,58.23
204519,Tiago Mitraud,1990,2270,25790,87.67
204520,Junio Amaral,2704,3780,62877,71.53
204521,Abou Anni,1663,2270,25790,73.26
204522,Marco Bertaiolli,1807,2717,36621,66.51
204523,Lucas Gonzalez,1843,2270,25790,81.19
204524,Pinheirinho,1690,3780,62877,44.71
204525,Rosana Valle,2728,3780,62877,72.17
204526,Luiz Philippe de Orleans e Bragança,2525,3780,62877,66.8
204527,Geninho Zuliani,1027,2270,25790,45.24
204528,Adriana Ventura,2941,3780,62877,77.8
204529,Policial Katia Sastre,1694,2270,25790,74.63
204530,Rodrigo Agostinho,1861,2270,25790,81.98
204531,Capitão Derrite,1901,5017,72257,37.89
204532,Vinicius Poit,1916,2270,25790,84.41
204533,Idilvan Alencar,2378,3165,46992,75.13
204534,Tabata Amaral,2808,3780,62877,74.29
204535,Sâmia Bomfim,2226,3780,62877,58.89
204536,Kim Kataguiri,2517,3780,62877,66.59
204537,Enrico Misasi,1707,2270,25790,75.2
204538,Paulo Bengtson,1364,2270,25790,60.09
204539,Hercílio Coelho Diniz,2105,3780,62877,55.69
204540,Maria Rosas,2593,3780,62877,68.6
204541,Eduardo Bismarck,2364,3715,60817,63.63
204542,Denis Bezerra,1497,2270,25790,65.95
204543,Luiz Flávio Gomes,167,333,8720,50.15
204544,Alexandre Frota,1672,2270,25790,73.66
204545,Alê Silva,1837,2270,25790,80.93
204546,Joice Hasselmann,1545,2270,25790,68.06
204547,Léo Motta,1354,2270,25790,59.65
204548,Heitor Freire,1548,2270,25790,68.19
204549,AJ Albuquerque,2221,3780,62877,58.76
204550,Júnior Mano,1513,3780,62877,40.03
204551,Bosco Saraiva,1397,2270,25790,61.54
204552,Eduardo Braide,593,726,10213,81.68
204553,Pastor Sargento Isidório,2726,3780,62877,72.12
204554,Abílio Santana,1497,2270,25790,65.95
204555,José Ricardo,1689,2270,25790,74.41
204556,Marcelo Ramos,1304,2270,25790,57.44
204557,Sidney Leite,2262,3780,62877,59.84
204558,Marcelo Nilo,1765,2270,25790,77.75
204559,Zé Neto,2276,3780,62877,60.21
204560,Adolfo Viana,2014,3780,62877,53.28
204561,Bira do Pindaré,1698,2270,25790,74.8
204562,Edilázio Júnior,1533,2270,25790,67.53
204563,Josimar Maranhãozinho,1364,3780,62877,36.08
204564,Igor Kannário,1097,2270,25790,48.33
204565,Professora Dayane Pimentel,1628,2270,25790,71.72
204566,Marreca Filho,1998,3780,62877,52.86
204567,Raimundo Costa,2184,3780,62877,57.78
204569,Delegado Pablo,1505,2270,25790,66.3
204570,Pastor Gil,2071,3780,62877,54.79
204571,Alex Santana,2117,3780,62877,56.01
204572,Capitão Alberto Neto,2597,3780,62877,68.7
204573,Otto Alencar Filho,2591,3715,60817,69.74
204574,Junior Lourenço,1552,3780,62877,41.06
204575,Gil Cutrim,1621,2270,25790,71.41
204576,João Roma,836,2270,25790,36.83
204651,Freitas do PT,10,142,3991,7.04
204760,Washington Coração Valente,15,142,3991,10.56
205476,Charles Fernandes,2577,3780,62877,68.17
205535,Patricia Ferraz,228,1312,15792,17.38
205548,David Miranda,1444,2270,25790,63.61
205550,Jorge Braz,2712,3780,62877,71.75
205863,Marcelo Brum,1383,2270,25790,60.93
205865,Reinhold Stephanes,1903,5464,83088,34.83
206018,Célia Xakriabá,830,1510,37087,54.97
206231,Ted Conti,1468,2270,25790,64.67
207176,Bia Cavassa,1471,2270,25790,64.8
207309,Enéias Reis,429,726,10213,59.09
208297,Katia Dias,110,550,13825,20.0
209189,Joseildo Ramos,2456,3780,62877,64.97
209787,Nikolas Ferreira,1026,1510,37087,67.95
210989,Bruno Farias,834,1510,37087,55.23
211649,Ricardo Pericar,77,333,8720,23.12
211866,Fabiano Tolentino,137,726,10213,18.87
212504,Fernando Borja,67,726,10213,9.23
212625,Dr. Gonçalo,408,2132,30582,19.14
212749,Marcão Gomes,205,393,1493,52.16
213274,Ricardo Silva,1549,2832,38272,54.7
213679,Dr. João,131,393,1493,33.33
213762,Carla Dickson,1850,2552,32955,72.49
213854,Dr. Agripino Magalhães,148,979,7072,15.12
213856,Deuzinho Filho,67,393,1493,17.05
214445,Nilson F. Stainsack,133,393,1493,33.84
214477,Rrenato Queiroz,349,979,7072,35.65
214694,Jorge Goetten,1031,1903,38580,54.18
214865,Joceval Rodrigues,65,586,5579,11.09
215042,Ricardo da Karol,1114,1544,15577,72.15
215043,Josivaldo JP,1999,4562,76487,43.82
215044,Vivi Reis,1198,1544,15577,77.59
215045,Pedro Augusto Palareti,961,1544,15577,62.24
215361,Rachel Marques,7,958,9998,0.73
216198,Norma Pereira,51,958,9998,5.32
216313,Rafafá,238,958,9998,24.84
216544,Paulo Vicente Caleffi,606,1544,15577,39.25
216545,Totonho Lopes,261,958,9998,27.24
217036,Henrique do Paraíso,265,958,9998,27.66
217330,Pedro Dalua,392,1544,15577,25.39
217480,Jones Moura,815,1991,26408,40.93
218086,Ely Santos,1104,3054,52664,36.15
218245,Jorielson,196,1544,15577,12.69
218741,Patrick Dorneles,107,586,5579,18.26
218879,Nelho Bezerra,216,586,5579,36.86
219568,Tiago Andrino,99,586,5579,16.89
219585,Marco Brasil,612,2031,40606,30.13
219592,Lucas Follador,97,586,5579,16.55
219599,Sargento Alexandre,96,586,5579,16.38
220008,Eliza Virgínia,163,1034,15950,15.76
220526,Gilvan da Federal,859,1510,37087,56.89
220527,Jack Rocha,1023,1510,37087,67.75
220528,Dr. Victor Linhalis,878,1510,37087,58.15
220529,Gilson Daniel,1080,1510,37087,71.52
220530,Messias Donato,1000,1510,37087,66.23
220531,Gilvan Maximo,623,1445,35027,43.11
220532,Rafael Prudente,765,1510,37087,50.66
220533,Prof. Reginaldo Veras,957,1510,37087,63.38
220534,Fred Linhares,931,1510,37087,61.66
220536,Zé Haroldo Cathedral,1039,1510,37087,68.81
220537,Helena Lima,636,1510,37087,42.12
220538,Albuquerque,887,1510,37087,58.74
220539,Defensor Stélio Dener,1057,1510,37087,70.0
220540,Duda Ramos,688,1510,37087,45.56
220542,Alexandre Guimarães,784,1510,37087,51.92
220543,Ricardo Ayres,1205,1510,37087,79.8
220544,Antonio Andrade,996,1510,37087,65.96
220545,Filipe Martins,986,1510,37087,65.3
220546,Rodolfo Nogueira,1054,1510,37087,69.8
220547,Marcos Pollon,1153,1510,37087,76.36
220548,Camila Jara,906,1510,37087,60.0
220549,Any Ortiz,917,1510,37087,60.73
220550,Mauricio Marcon,1115,1510,37087,73.84
220551,Franciane Bayer,970,1510,37087,64.24
220552,Zucco,1139,1510,37087,75.43
220553,Denise Pessôa,956,1510,37087,63.31
220554,Alexandre Lindenmeyer,837,1510,37087,55.43
220555,Daiana Santos,910,1510,37087,60.26
220556,Ana Paula Lima,942,1510,37087,62.38
220557,Daniela Reinehr,911,1510,37087,60.33
220558,Zé Trovão,964,1510,37087,63.84
220559,Julia Zanatta,1013,1510,37087,67.09
220560,Thiago de Joaldo,787,1510,37087,52.12
220561,Delegada Katarina,1016,1510,37087,67.28
220563,Icaro de Valmir,824,1510,37087,54.57
220564,Yandra Moura,675,1510,37087,44.7
220565,Delegada Adriana Accorsi,785,1510,37087,51.99
220566,Lêda Borges,743,1510,37087,49.21
220567,Jeferson Rodrigues,759,1510,37087,50.26
220568,Gustavo Gayer,942,1510,37087,62.38
220569,Silvye Alves,813,1510,37087,53.84
220570,Dr. Ismael Alexandrino,778,1510,37087,51.52
220571,Daniel Agrobom,1047,1510,37087,69.34
220572,Marussa Boldrin,609,1510,37087,40.33
220573,Dorinaldo Malafaia,814,1510,37087,53.91
220574,Cabo Gilberto Silva,1066,1510,37087,70.6
220575,Sonize Barbosa,442,1445,35027,30.59
220576,Alfredo Gaspar,1083,1510,37087,71.72
220577,Augusto Puppio,669,1445,35027,46.3
220578,Josenildo,1040,1510,37087,68.87
220579,Silvia Waiãpi,556,1445,35027,38.48
220580,Professora Goreth,545,1445,35027,37.72
220581,Luciano Amaral,964,1510,37087,63.84
220582,Daniel Barbosa,763,1510,37087,50.53
220583,Delegado Fabio Costa,1069,1510,37087,70.79
220584,Murilo Galdino,908,1510,37087,60.13
220585,Mersinho Lucena,720,1510,37087,47.68
220586,Rafael Brito,890,1510,37087,58.94
220587,Gerlen Diniz,589,895,21202,65.81
220588,Roberto Duarte,1266,1510,37087,83.84
220589,Eduardo Velloso,815,1510,37087,53.97
220590,Coronel Ulysses,951,1510,37087,62.98
220591,Meire Serafim,877,1510,37087,58.08
220592,Zezinho Barbary,827,1510,37087,54.77
220593,Abilio Brunini,414,895,21202,46.26
220594,Coronel Assis,1023,1510,37087,67.75
220595,Coronel Fernanda,1063,1510,37087,70.4
220596,Amália Barros,339,895,21202,37.88
220597,Thiago Flores,891,1510,37087,59.01
220598,Tarcísio Motta,1097,1510,37087,72.65
220599,Marcelo Crivella,978,1510,37087,64.77
220600,Lebrão,555,1445,35027,38.41
220601,Washington Quaquá,313,895,21202,34.97
220602,Dimas Gadelha,887,1510,37087,58.74
220603,Dani Cunha,861,1510,37087,57.02
220604,Marcos Tavares,860,1510,37087,56.95
220605,Bandeira de Mello,990,1510,37087,65.56
220606,Reimont,944,1510,37087,62.52
220607,Max Lemos,981,1510,37087,64.97
220608,Cristiane Lopes,969,1510,37087,64.17
220609,Maurício Carvalho,885,1510,37087,58.61
220610,Dr. Fernando Máximo,857,1510,37087,56.75
220611,General Pazuello,996,1510,37087,65.96
220612,Bebeto,1055,1510,37087,69.87
220613,Roberto Monteiro Pai,961,1510,37087,63.64
220614,Dr. Daniel Soranz,173,1445,35027,11.97
220615,Pastor Henrique Vieira,1063,1510,37087,70.4
220616,Luciano Vieira,813,1510,37087,53.84
220617,Murillo Gouvea,939,1510,37087,62.19
220618,Sargento Portugal,946,1510,37087,62.65
220619,Delegado Ramagem,1044,1445,35027,72.25
220620,Rosângela Reis,993,1510,37087,65.76
220621,Sargento Gonçalves,1052,1510,37087,69.67
220622,Nely Aquino,803,1510,37087,53.18
220623,Duda Salabert,888,1510,37087,58.81
220624,Robinson Faria,1083,1510,37087,71.72
220625,Delegada Ione,827,1510,37087,54.77
220626,Rafael Simoes,946,1510,37087,62.65
220627,Paulinho Freire,442,895,21202,49.39
220628,Mauricio do Vôlei,917,1510,37087,60.73
220629,Dandara,767,1510,37087,50.79
220630,Pedro Aihara,905,1510,37087,59.93
220631,Samuel Viana,913,1510,37087,60.46
220632,Ana Pimentel,959,1510,37087,63.51
220633,Ricardo Salles,733,1510,37087,48.54
220634,Marcelo Lima,206,447,10831,46.09
220635,Bruno Ganem,985,1510,37087,65.23
220638,Antonio Carlos Rodrigues,988,1510,37087,65.43
220639,Guilherme Boulos,720,1445,35027,49.83
220640,Juliana Cardoso,855,1510,37087,56.62
220641,Rodrigo Gambale,974,1510,37087,64.5
220642,Delegado Bruno Lima,591,1063,26256,55.6
220644,Rosangela Moro,986,1510,37087,65.3
220645,Erika Hilton,779,1510,37087,51.59
220646,Felipe Becari,675,1510,37087,44.7
220647,Mauricio Neves,605,1510,37087,40.07
220648,Marangoni,789,1510,37087,52.25
220649,Delegado da Cunha,767,1510,37087,50.79
220650,Paulo Alexandre Barbosa,913,1510,37087,60.46
220651,Simone Marquetto,720,1510,37087,47.68
220652,Delegado Palumbo,1071,1510,37087,70.93
220653,Fábio Teruel,946,1510,37087,62.65
220654,Delegado Paulo Bilynskyj,1191,1510,37087,78.87
220655,Mario Frias,822,1510,37087,54.44
220656,Fernanda Pessoa,994,1445,35027,68.79
220657,André Fernandes,798,1510,37087,52.85
220658,Luiz Gastão,837,1510,37087,55.43
220659,Dayany Bittencourt,927,1510,37087,61.39
220660,Yury do Paredão,685,1445,35027,47.4
220661,Matheus Noronha,768,1510,37087,50.86
220662,Lucas Ramos,972,1510,37087,64.37
220663,Eriberto Medeiros,898,1510,37087,59.47
220664,Guilherme Uchoa,926,1510,37087,61.32
220665,Clarissa Tércio,866,1510,37087,57.35
220666,Coronel Meira,1090,1510,37087,72.19
220667,Pedro Campos,1001,1510,37087,66.29
220668,Maria Arraes,1030,1510,37087,68.21
220669,Lula da Fonte,872,1510,37087,57.75
220670,Iza Arruda,818,1510,37087,54.17
220671,Dilvanda Faro,981,1510,37087,64.97
220672,Henderson Pinto,847,1510,37087,56.09
220673,Delegado Caveira,924,1510,37087,61.19
220674,Dra. Alessandra Haber,632,1510,37087,41.85
220675,Antônio Doido,890,1510,37087,58.94
220676,Andreia Siqueira,779,1510,37087,51.59
220677,Keniston Braga,820,1510,37087,54.3
220681,Fábio Macedo,700,1510,37087,46.36
220682,Tadeu Veneri,938,1510,37087,62.12
220683,Beto Richa,1006,1510,37087,66.62
220684,Tião Medeiros,804,1510,37087,53.25
220685,Paulo Litro,928,1510,37087,61.46
220686,Duarte Jr.,1001,1510,37087,66.29
220687,Márcio Honaiser,802,1510,37087,53.11
220688,Dr. Francisco,969,1510,37087,64.17
220689,Detinha,546,1510,37087,36.16
220690,Capitão Alden,1054,1510,37087,69.8
220691,Diego Coronel,1024,1510,37087,67.81
220692,Dal Barreto,806,1510,37087,53.38
220693,Roberta Roma,765,1510,37087,50.66
220694,Ricardo Maia,862,1510,37087,57.09
220695,Rogéria Santos,875,1510,37087,57.95
220696,Ivoneide Caetano,949,1510,37087,62.85
220697,Jadyel Alencar,744,1510,37087,49.27
220698,Beto Preto,104,895,21202,11.62
220699,Castro Neto,869,1510,37087,57.55
220700,Florentino Neto,898,1510,37087,59.47
220701,Delegado Matheus Laiola,1025,1510,37087,67.88
220702,Geraldo Mendes,657,1510,37087,43.51
220703,Neto Carletto,923,1510,37087,61.13
220704,Carol Dartora,711,1510,37087,47.09
220705,Deltan Dallagnol,80,447,10831,17.9
220706,Padovani,522,1510,37087,34.57
220707,Amanda Gentil,656,1510,37087,43.44
220708,Gabriel Nunes,1007,1510,37087,66.69
220712,Fausto Jr.,711,1510,37087,47.09
220713,Saullo Vianna,502,1510,37087,33.25
220714,Adail Filho,984,1510,37087,65.17
220715,Amom Mandel,725,1510,37087,48.01
221148,Alfredinho,1020,1510,37087,67.55
221328,Adilson Barroso,899,1510,37087,59.54
221329,Ricardo Abrão,436,1062,26716,41.05
221338,Professora Luciene Cavalcante,991,1510,37087,65.63
221339,Dr. Benjamim,451,895,21202,50.39
221378,Reginete Bispo,491,895,21202,54.86
222142,Coronel Telhada,377,895,21202,42.12
222429,Luis Carlos Gomes,908,1510,37087,60.13
222565,Soldado Noelio,40,65,2060,61.54
223128,Rodrigo Estacho,876,1510,37087,58.01
223398,Ulisses Guimarães,78,448,10371,17.41
224117,Gabriel Mota,985,1510,37087,65.23
224333,Welter,915,1510,37087,60.6
225386,Renan Ferreirinha,79,895,21202,8.83
225727,Flavinha,117,447,10831,26.17
225730,Enfermeira Ana Paula,322,1062,26716,30.32
226075,Priscila Costa,141,447,10831,31.54
226179,Gisela Simona,1147,1510,37087,75.96
226410,Márcio Correa,111,447,10831,24.83
226553,Eliane Braz,87,447,10831,19.46
226708,Allan Garcês,758,1510,37087,50.2
226837,Saulo Pedroso,666,1510,37087,44.11
227275,Mariana Carvalho,87,895,21202,9.72
227310,Silvio Antonio,165,960,23262,17.19
227323,Luciano Galego,85,895,21202,9.5
227324,Henrique Júnior,92,895,21202,10.28
227370,Felipe Saliba,95,895,21202,10.61
227401,Dr Fabio Rueda,83,895,21202,9.27
227433,Douglas Viegas,649,1510,37087,42.98
227660,Nitinho,335,998,24196,33.57
227800,Duarte Gonçalves Jr,71,448,10371,15.85
227991,Dr Flávio,146,513,12431,28.46
228042,Naumi Amorim,26,448,10371,5.8
228272,Délio Pinheiro,57,448,10371,12.72
228616,Dr. Remy Soares,67,448,10371,14.96
228797,Júlio Oliveira,87,448,10371,19.42
228837,Juliana Kolankiewicz,90,448,10371,20.09
228941,Daniel José,70,448,10371,15.62
229069,Capitão Samuel,58,448,10371,12.95
229082,Lucyana Genésio,57,448,10371,12.72
229106,Carla Ayres,76,448,10371,16.96
229112,Pedro Jr,82,448,10371,18.3
229225,Michele Collins,72,448,10371,16.07
229259,Pedro Tourinho,81,448,10371,18.08
229333,Gláucia Santiago,88,448,10371,19.64
229432,Luiz Fernando Vampiro,417,1063,26256,39.23
229585,Elisangela Araujo,103,513,12431,20.08
229939,Newton Bonin,128,448,10371,28.57
230088,Dra. Mayra Pinheiro,83,448,10371,18.53
230177,Tadeu Oliveira,83,448,10371,18.53
230762,Pastor Claudio Mariano,277,550,13825,50.36
230764,Ivan Junior,26,1100,27650,2.36
230765,Enfermeira Rejane,424,615,15885,68.94
230767,Rodrigo da Zaeli,456,615,15885,74.15
230768,Zé Adriano,442,615,15885,71.87
230957,João Cury,346,615,15885,56.26
231911,Lenir de Assis,418,615,15885,67.97
233218,Nelinho Freitas,102,550,13825,18.55
233592,Paulo Lemos,139,550,13825,25.27
233594,Rafael Fera,226,615,15885,36.75
233598,Samuel Santos,173,550,13825,31.45
234253,Lucas Abrahao,87,615,15885,14.15
234310,Ricardo Galvão,148,615,15885,24.07
234388,Fabiano Cazeca,66,615,15885,10.73
234406,Elmano Férrer,79,615,15885,12.85
234673,Vanderlan Alves,102,615,15885,16.59
234788,Heloísa Helena,62,615,15885,10.08
234840,Cristiano Furlan,22,65,2060,33.85
235088,Ribeiro Neto,60,65,2060,92.31
235620,Ilacir Bicalho,2,65,2060,3.08
